audio/000020a912.wav|male|বাংলাদেশে দায়িত্ব নেবে
audio/000039928e.wav|male|এ ধরণের কার্ড নিয়ে
audio/00009e687c.wav|female|হাসির বিষয় হয়েই আছে
audio/00012843bc.wav|female|সার্ক দেশগুলোতে
audio/00012880b1.wav|male|সহজেই যাওয়া যায়
audio/00014d427a.wav|female|অন্তর্ভুক্তও করেছে রাশিয়া
audio/0001e9f600.wav|female|সুরকার হিসেবে
audio/0001ee459b.wav|female|যাতে বিবাহ শাদী দিলে
audio/0001fd54d9.wav|female|আপনার গল্প ছাড়া
audio/0002a04050.wav|male|বীরভূম জেলা হাসপাতালে
audio/0002c06046.wav|female|মান্নান সৈয়দের মৃত্যুর পর 1
audio/0002f5e8b7.wav|female|পুলিশের সন্দেহ
audio/00030c9001.wav|female|বাঙালি মধ্যবিত্তের ধর্ম
audio/000339782d.wav|male|কোন অতিবৃষ্টি অরণ্যেই
audio/00033caf16.wav|female|তখন তার প্রতিক্রিয়াটা
audio/000549887f.wav|male|তাদের হুমকি দেয়া হয়েছিল
audio/000571e8eb.wav|male|বিশেষ ছাড়ের ব্যবস্থা করা
audio/0005c0cb27.wav|female|অসাধারণ অভিনয় করেন ছবি 1
audio/0005c694a1.wav|female|দুপুরের রোদে
audio/000633820e.wav|male|অতঃপর 1960 সালের ২৬শে 1
audio/00067a3bf3.wav|female|আরেকটি বড় ধরনের
audio/0007ec5c58.wav|male|তখন থেকেই ডাকটিকিট সংগ্রহ
audio/00081f7414.wav|male|শক্তি চট্টোপাধ্যায়
audio/00090d52b7.wav|female|মনোনয়ন বাতিলের ক্ষমতাও
audio/00090e7ccd.wav|female|শিরোনাম আমার ছবি
audio/00092bb274.wav|male|ঘানিটা ঘুরছে
audio/000970168f.wav|male|বিকশিত করতে চাই
audio/00098b3964.wav|female|পুরুষের তৈরি করা
audio/00099c95d0.wav|male|ষড়যন্ত্র করবে
audio/0009a72716.wav|female|এই মার্কিনি বাবুর্চি
audio/0009c2d0f9.wav|male|তা নিয়ে প্রতিযোগিতার আয়োজন
audio/0009d560fe.wav|female|টেবিলের ওপর
audio/000a4567b4.wav|female|লকার্নো আন্তর্জাতিক চলচ্চিত্র উৎসবে
audio/000a50081a.wav|female|সব কিছুই ঘটে চলেছে
audio/000a9438d7.wav|female|যার যে মূল্য প্রাপ্য
audio/000ae4299c.wav|male|জোড়ালো করতেই ওবামা
audio/000af00d30.wav|female|শুল্ক বিভাগের কর্মকর্তারা
audio/000c03fe83.wav|female|নাচতে হয়
audio/000c053da3.wav|male|বিবাহ করিলেন
audio/000c77a792.wav|female|কিন্তু কৃষ্ণ রথের উপর
audio/000d7874ee.wav|male|বা অ্যালার্জির বংশগত রোগ 1
audio/000dc2f08b.wav|female|শাসন করত
audio/000f852677.wav|male|মনোযোগ দিয়েছে
audio/001050deb2.wav|male|পাকিস্তানের ৫৪-সদস্যের দল
audio/00110b32d4.wav|female|এই দ্বিগুণ দাম
audio/00112a63e8.wav|female|প্রায়ই ‘এককাট্টা শ্রেণী’ হিসেবে 1
audio/00113d863f.wav|female|কষ্টের কথা
audio/0011dc9c2f.wav|male|টেলিফিল্ম, নাটক ও চলচ্চিত্রে
audio/00122e09b7.wav|male|সবচেয়ে দামী খাবারটি
audio/00128c7353.wav|male|অথচ কোনো খবর নেই
audio/0012b9b651.wav|male|আঙুলের নখ
audio/0012fe9553.wav|male|দীর্ঘ দিন
audio/00133b44f7.wav|female|শিগগিরই একটা ভালো
audio/001352d84c.wav|male|দ্বিতীয় বাছাই
audio/0013c091de.wav|male|উদাহরণস্বরূপ বলা
audio/001415e92d.wav|female|সাজানোর জন্য
audio/0014eb81c0.wav|female|মনিরুজ্জামান চৌধুরীর হাতে
audio/00150297ca.wav|male|মুশকিল আসানকারীদের প্রচারপত্রে
audio/001528b596.wav|female|নিজেও আত্মহত্যা করেন
audio/00154bb7d4.wav|female|আমি তোমার
audio/0015b27f63.wav|male|600 থেকে 800 মেগাওয়াট
audio/00165b8335.wav|male|যেসব খাবার খাওয়া হচ্ছে
audio/0016782bd0.wav|male|বাংলা উইকিপিডিয়া
audio/0016f4aa06.wav|female|কারণ রাজের জন্যই তো
audio/0016fc111c.wav|male|মামলা নিষ্পত্তি করতে হবে
audio/00171dce25.wav|male|আকাশের বুকে এক জ্বলন্ত 1
audio/00180e5568.wav|male|বাংলাদেশের পুলিশ বিভাগে কর্মরত
audio/0018e80698.wav|male|ওদের সঙ্গে চলে না
audio/001992bbc9.wav|male|প্রতিরোধের আভাস থাকলেও
audio/0019a76004.wav|female|একটি বিনোদনপত্রিকায় কুৎসিত ভাষায়
audio/0019b7ce7f.wav|female|আইন এবং রাজনীতির আবির্ভাব 1
audio/0019cda4ca.wav|male|খাড়া পাহাড়-প্রাচীরের তলার দিকে
audio/001aef3bb2.wav|female|টিনের স্যুটকেস
audio/001b710504.wav|female|ভারতের শতাধিক প্রেক্ষাগৃহে
audio/001bdb23d2.wav|male|মুজিবুর রহমানকেও
audio/001be0a9e1.wav|male|আফগানিস্তান বা পাকিস্তানে কাজকে
audio/001cebb990.wav|female|দুটো আরামদায়ক শয়ন-কক্ষ
audio/001d1c3e9b.wav|male|সেপ্টেম্বর ১৩, 1904
audio/001d61b062.wav|female|মেনে নিলেন
audio/001dd81463.wav|female|মানুষকে উদ্ধার করতে পারে
audio/001e458443.wav|male|এতে হামিদুল
audio/001f3a31d1.wav|male|ভূমিকা ছিল
audio/001f51dfd8.wav|female|৫-৬জন যুবক
audio/001f8d0ee1.wav|female|স্থগিত করেছেন
audio/00200225f5.wav|female|তাৎক্ষণিকভাবে এর কারণ জানা 1
audio/00203b850e.wav|female|তিনি অ্যাকোয়ারিস্ট নামে
audio/0020b3d755.wav|female|বাণিজ্যে ধর্ম ঢুকেছে
audio/0020ce9acf.wav|male|সে-ধরনের একটা কিছু
audio/002141b618.wav|female|সহিংস বিক্ষোভের অনেক চিহ্ন
audio/0021afb685.wav|female|নতুন হাসপাতালটা
audio/0022399e6d.wav|female|চালানটি পাওয়া যায়
audio/002261ad52.wav|female|থানায় মামলা করেছিলেন
audio/0022ad589c.wav|female|মোট দশটি খেলা খেলেছে 1
audio/00232be503.wav|female|শুরু হয় বিয়ে পড়ানো
audio/0023d2aed8.wav|male|দগ্ধ একজন যাত্রী
audio/00243e8222.wav|female|ছেলেটি আমাকে ছেড়ে চলে 1
audio/0024eee6dc.wav|female|গতকাল সকালে ছিল মুষলধারে 1
audio/0025ef0740.wav|male|মিছিলটি ঢাকা-গাজীপুর সড়কে পেীঁছলে
audio/002619ac0d.wav|male|বাস্তবায়ন করতেই
audio/002648db9d.wav|male|সঙ্কীর্ণ পথে চলিতেছিল
audio/0026972ff8.wav|male|বাংলা মোটর থেকে মৎস্য 1 পর্যন্ত
audio/0026c78e27.wav|male|জানতে চাইলেন
audio/0026ceb885.wav|female|সান্ধ্য কোর্স চালু করার
audio/00275797b0.wav|female|ভবানীপুর হাসপাতালে
audio/00291bb8a0.wav|female|তিনি যা করেছেন
audio/00293e356f.wav|female|বাসটি কিছুদূর যাওয়ার পর
audio/00297c46ca.wav|female|প্রাচীন ইতিহাস
audio/00299fec69.wav|female|এক বছরে 2 হাজার 1 টাকা
audio/0029c08f39.wav|female|আমরা ধীরে ধীরে সব 1
audio/0029d50ffa.wav|female|জেনারেটর সরবরাহ করেছে
audio/0029f8d64a.wav|female|প্রার্থীর নিরাপত্তা
audio/002a255b32.wav|female|নইলে হয়ত
audio/002a27ea9a.wav|male|2005 সাল থেকে তিনি
audio/002ad7b2b0.wav|male|বুধবার সন্ধ্যা ৬টায় শেষ 1
audio/002b3e4783.wav|female|64 জন জেলা শিক্ষা 1
audio/002b70b194.wav|female|একটা নির্দলীয়
audio/002ba897d0.wav|male|হয়ত অন্যরকম মাটি পাওয়া 1
audio/002bb58eca.wav|female|আজই কোন এক সময়
audio/002c1fb537.wav|female|গুরুত্বপূর্ণ ভূমিকা পালন করেন
audio/002c5a2ebc.wav|male|আর কংগ্রেস এগিয়ে আছে
audio/002c6d5cd7.wav|male|এরশাদ শিকদার
audio/002c730f94.wav|female|হাজার হাজার
audio/002c8e148e.wav|female|1875 থেকে 1904
audio/002d3d9914.wav|female|গৌরবের বীরের
audio/002d56ccd9.wav|male|শিক্ষকরা প্রশাসনিক ভবনের সামনে
audio/002dc1b95b.wav|female|আঁতকে উঠে পড়বে
audio/002e0e1af2.wav|female|প্রতিমাসে পাখি বিক্রি করে
audio/002f014586.wav|female|সৌদি আরবের সোফা কারখানায়
audio/002f0fd1c3.wav|male|আসাদুজ্জামান মজনু
audio/002f3d0839.wav|female|সুতরাং কাব্যকারের ইহাতে
audio/002f992612.wav|female|অথচ গল্পের কোথাও
audio/002fb5430c.wav|female|কোথায় স্থাপনের উদ্যোগ গ্রহন 1
audio/0030199b99.wav|male|ট্রেড ইউনিয়নকারী শ্রমিকদের
audio/0030c16f72.wav|female|বিভিন্ন দেশেও দেখা যাবে
audio/0030c51a3f.wav|female|জ্যাক দ্য রিপার
audio/003164d0a9.wav|male|বহুল আলোচিত
audio/0032c25a68.wav|male|সংস্কৃতি রক্ষার
audio/003399c103.wav|male|এ জন্য পত্রিকায়
audio/0033d7656c.wav|male|জন্মগ্রহণকারী সাবেক ক্রিকেটার
audio/00344a3c92.wav|female|থার্ড গ্রেডের নায়িকা
audio/00350b1301.wav|female|অং সান 1933 সালে
audio/0035a53492.wav|male|হাজার হাজার অভিযুক্ত করা 1
audio/0035e21fc8.wav|male|চলে যেতে বাধ্য আমি
audio/0035e6a686.wav|female|অবরোধ মানে না
audio/0035e6e6f1.wav|female|সবচেয়ে বেশি প্রশংসা কুড়িয়েছেন
audio/0035eee977.wav|female|সারবত্তা খুঁজতে
audio/003659c03d.wav|male|হাত-মুখ ধুয়ে দেন
audio/0036ad72d8.wav|female|ফেলানীর পরিবারের
audio/0036f446bf.wav|female|অবসর সময়কালের
audio/003787a2a2.wav|female|এবং অন্যদিকে শ্রম ও 1 মধ্যে
audio/0037b82a4a.wav|male|গত বছরের
audio/00385db080.wav|female|হেফাজতের রক্তচক্ষুকে
audio/00386d9456.wav|male|আমার নাম হয় না 1
audio/0038b1048c.wav|female|সার্কাস-তাঁবুর গান বইটিতে
audio/0038fa4c34.wav|male|রান্না শিক্ষা
audio/003979d55f.wav|female|ওর ধপধপাইয়া হাঁটাটি
audio/003a9bcfeb.wav|male|চুলের যত্ন
audio/003bc7696a.wav|male|মি: খান
audio/003c2a04e3.wav|male|স্বাধীনতা সংগ্রামে
audio/003c8b650c.wav|female|কুরু নামে একজন
audio/003d78fa0e.wav|female|তাদের দুজনারই মনে হল
audio/003d938253.wav|female|বাজারে ক্রেতাও কম
audio/003d99c15d.wav|female|তার সঙ্গে আমার গল্প
audio/003e0d29ec.wav|male|যখন সোলস গঠিত হয়
audio/003e1c4dc0.wav|female|মেঘ হইয়া যান
audio/003e75772d.wav|male|নহিলে পরকালের কাজ হয় 1
audio/003e7765bc.wav|female|একসাথে মিলে কাজ করে
audio/003e8b3d2d.wav|male|আনা হচ্ছে
audio/003ee67280.wav|male|ভেনেজুয়েলার পর্তুগুয়েসা রাজ্যের
audio/003ef05d88.wav|female|ফলে কুকুরের দাঁতে
audio/003f18a569.wav|female|কোন শিশুই হাত তোলেনি
audio/0040616d81.wav|male|এবং দেমোফোনের ভাই
audio/00409f26d8.wav|male|দেশের সবচেয়ে সুন্দরী মেয়েকে
audio/0040b6d83d.wav|female|গ্রীষ্মকাল
audio/0040c85c2b.wav|female|চিহ্নিতকরণের পাশাপাশি
audio/0040d873c0.wav|female|অমিতাভ বচ্চনের জন্ম
audio/0041455bc9.wav|male|আগে বলল না কেন
audio/0042bbac9a.wav|female|এক প্রজন্ম ধরে
audio/0042d77b69.wav|male|প্রক্রিয়া এবং এর উদ্দেশ্য 1
audio/0042e18d8e.wav|female|আন্ন্যালাচা এলাকায় এ ঘটনা 1
audio/004371f1d0.wav|female|অ্যাপলের ওয়েবসাইট হেলথবুক নামে
audio/004385c7db.wav|female|ভেবে ঠিক পায় না
audio/0043d64997.wav|male|হাত বেঁধে রাখে
audio/0043de8e52.wav|female|1999 সালে রাজধানীর অদূরে 1 কালিয়াকৈরে প্রথম হাইটেক পার্ক স্থাপনের উদ্যোগ নেওয়া হয়।
audio/00441e3049.wav|male|রজব আলীর ছেলে
audio/0046ea6074.wav|female|ক্রীতদাসী হিসেবে
audio/00470f7ed5.wav|female|থাকতে দেখা গেছে
audio/004777aade.wav|male|যায়যায় দিন পত্রিকার
audio/00478c9532.wav|female|আলটিমেটাম দিয়েছেন কৃষকরা
audio/004795a99a.wav|female|কোন তাড়না থেকে
audio/004806eefb.wav|male|গ্রাহক চাহিদা বিবেচনায় নিয়ে
audio/0049304cfe.wav|male|এই দর্শকদের মধ্যে
audio/004968f941.wav|male|জাতীয় স্বাস্থ্য নীতি প্রণয়ন 1
audio/0049d136f9.wav|male|সেটি একটি বড় কারণ
audio/004a64d0e4.wav|male|প্রশংসা করেছেন জন কেরি
audio/004a6fa698.wav|female|আমাদের সেনা ও সেপাইরা
audio/004b54f15a.wav|male|মো. জহুরুল হক তাদের
audio/004b80d29b.wav|female|সংস্কার বাস্তবায়ন কোনো মতেই
audio/004ba71ab0.wav|female|8 রাকাত
audio/004c48fbd2.wav|female|যথাযথ দায়িত্ব পালন করার
audio/004c5d3b74.wav|female|ইরোটিক ছবি
audio/004c68e2c6.wav|female|একধরনের ড্রামাটিক সাসপেন্স
audio/004c6a7fc9.wav|male|খবর বলা হয়েছে
audio/004cf7fba6.wav|male|ভিড়ের মধ্যে
audio/004d5ff34b.wav|male|ভোট হবে 24 ফেব্রুয়ারি
audio/004e15eccd.wav|female|হয়ে পড়েছিলেন অন্তরীণ
audio/004f197f13.wav|female|ইহার রচনাপ্রণালী আজিকালিকার
audio/004f599cf2.wav|male|একজন মহিলার বক্তব্য
audio/004fe19036.wav|female|বিচার স্বচ্ছতার সাথেই হয়েছে
audio/004fe9890b.wav|male|একটি হাড় থেকে
audio/00510dc784.wav|male|লক্ষ্যভেদ করেন তিনি
audio/00514b8748.wav|female|বিকাল ৩টা ৪৫মিনিটে
audio/0051c4fa19.wav|male|বাড়ি থেকে বেরোতে গেলে
audio/0053ecc424.wav|female|ছোট গাড়ি
audio/0053f36685.wav|female|অত্যন্ত মর্মান্তিক ঘটনা
audio/00540ef022.wav|male|বর্ষবরণের পান্তা ইলিশ দিয়ে
audio/0054aa9ad4.wav|female|যদি আপনি আপনার সম্পর্কে
audio/0054f9f0b9.wav|male|ফেডারেশন
audio/0055a3fae2.wav|female|পজিশন
audio/0055b26204.wav|male|গাছের পাতা
audio/0055e57735.wav|female|অজুহাত বলে মন্তব্য করেছেন
audio/0056a3d9a0.wav|female|শক্ত হয়ে পড়েছে
audio/0056ccda00.wav|male|দেশীয় ফোক গানের মাধ্যমেই
audio/0056dd2a01.wav|male|গান গেয়েছিলাম
audio/005754d451.wav|female|হঠাৎ ছাতিপট্টিতে ঢুকে
audio/0057ed9147.wav|male|এর ফল শুভ হয় 1
audio/0057f6e266.wav|male|এজন্য এটি সরকারের জন্য
audio/005803342a.wav|male|কোনও না কোনও জোটে
audio/0058c0437a.wav|female|নাম অনুসারে
audio/0059a0f316.wav|male|তাঁকে দেওয়া হয়
audio/0059a12d9b.wav|female|কোন ব্যবস্থা নয় বলেই
audio/0059ac7231.wav|female|কিছু ভাবা হবেনা
audio/0059d5ecb7.wav|male|ইতোমধ্যে 1947 এসে পড়ায়
audio/005a38ea54.wav|female|অভিভাবকরা আতংকিত হয়ে পড়েন
audio/005a4dd9d2.wav|female|আল-কায়েদাকে নিয়ে
audio/005a8a692c.wav|male|প্রতিষ্ঠানটি সরবরাহ করছে
audio/005acaa918.wav|female|শব্দ যাওয়ার উপায় নেই
audio/005ada9bf5.wav|female|নির্বাচন কমিশন নির্বাচনের তফসিল 1 করবেন।
audio/005bc2187f.wav|female|আইন শাখার
audio/005c112064.wav|female|এই দুইভাবে পাওয়া যায়
audio/005c5c78d3.wav|female|এখন খোঁপায় ফুল
audio/005ccbf1bd.wav|female|বুড়িমারী ট্রেন
audio/005cd09a17.wav|female|লিখে দিলেন
audio/005dbcdcff.wav|male|চুল আলতোভাবে ঘষে ঘষে
audio/005e392d83.wav|male|হোটেল লবিতে মাত্র
audio/005ebfe1cb.wav|female|শক্তিশালী এই ব্যাকআপ জেনারেটর
audio/005f1df75f.wav|female|নিরাপত্তা ঝুঁকিতে থাকা
audio/005f57a51b.wav|female|ব্যবহার করতে হলো
audio/005fe05689.wav|male|এখানে যে জায়গার কথা 1
audio/006060d75f.wav|female|এ ছাড়াও ডজনেরও বেশি
audio/0060e58fd0.wav|female|ফলে এ ধরনের ছেলেদেরকে
audio/006133c285.wav|male|নিজেও খুব হাসতেন
audio/006153d160.wav|male|এলাকার উন্নয়নে
audio/006196512c.wav|female|জনসংখ্যা হল 57682 জন
audio/00619d4527.wav|female|দেবদাস
audio/0061a1f4a6.wav|male|ভূষিত করেন
audio/0062454b68.wav|male|উচ্চারিত করতাম না
audio/00624d6b66.wav|female|বেশি জাহাজ
audio/0062e23c28.wav|female|অনুষ্ঠানে তিনি বলেন
audio/0062e8be16.wav|female|নিশ্চিতের পাশাপাশি
audio/0063306c9b.wav|male|এরপরই রয়েছে
audio/0063437eff.wav|female|তুলনামূলক অল্প পরিশ্রম করে
audio/00638d09d0.wav|female|পর্দার আড়ালের কুশীলব
audio/00653066b4.wav|male|বিভিন্ন ধরনের চুলের জন্য
audio/00654dda9d.wav|female|আমদানিও কমেছে
audio/0065adf655.wav|female|বিশ্ববিদ্যালয়ে এ মহাসঙ্কট
audio/0066088df7.wav|female|তসলিমা নাসরিনের লজ্জা বই
audio/006695662f.wav|male|তবু আমি তো
audio/0066a7a5bf.wav|male|সংবিধান পরিবর্তন করতে হলে
audio/006729f9fe.wav|female|সীমান্ত রক্ষী বাহিনীর মধ্যে
audio/00680d0b43.wav|male|পাইকারি হারে
audio/006811ea42.wav|female|শুভ বিবাহ
audio/00681f8705.wav|male|যা ইচ্ছে খাবে, ফুঁকবে
audio/006828b08d.wav|female|আলকাউসার
audio/006843004c.wav|female|তৃণমূল ঘনিষ্ঠ এই চিত্রশিল্পী
audio/0068949d31.wav|male|নন্দিতা দাস
audio/00693224a4.wav|male|বার্সেলোনায় অনুষ্ঠিত
audio/00693c01b5.wav|female|কয়েক মুহুর্তের জন্য
audio/00695ade49.wav|male|রোগবালাই না থাকায়
audio/006aab000c.wav|male|নওমহলের দশটি
audio/006ade289b.wav|male|পর্যটকের ভিড়
audio/006b7ec7b3.wav|male|সিলেটে আমিও যাব বলে
audio/006b890b53.wav|female|খেলাফত
audio/006baf1a1a.wav|female|পুরুষের ওপর
audio/006bc72b1c.wav|male|নির্বাচিত সরকারের মেয়াদ শেষে
audio/006c2d9c0c.wav|female|বিশ্ববিদ্যালয় কর্তৃপক্ষ সিদ্ধান্ত
audio/006c5dcf50.wav|male|যার নাম
audio/006c80a14c.wav|male|আদায় করতে পারেনি তারা
audio/006ca909d4.wav|female|উপর থাকিবার ব্যবস্থা করিয়া 1
audio/006ccbff50.wav|male|ইসি কোনো ব্যবস্থা
audio/006d3d6de0.wav|male|মুনি ভ্রান্ত হয়
audio/006d547d0e.wav|male|বাংলার মুসলমান সম্প্রদায়ের
audio/006d726452.wav|female|সমাঝোতার কথা বলে
audio/006d9915ad.wav|male|বিধর্মীর ঘরে
audio/006dd2a62c.wav|female|ছটু মণ্ডল, সুলতান
audio/006eb8eea7.wav|female|এর কিছুদিন পরই
audio/006ecb9f46.wav|female|যদি প্রিয়জনের লাশটা
audio/006eeba0d7.wav|male|সবচেয়ে খ্যাতিমান হয়েছিলেন
audio/006f9e4ec7.wav|male|কেউ দিতে পারছে না
audio/006fa1a68b.wav|male|এইচ এস সি
audio/006fc329ab.wav|male|তারা দলীয়ভাবে
audio/007023e27b.wav|female|পাঁচটি উইকেট নিয়ে
audio/0070a6f686.wav|male|কেনিয়া হিন্দু
audio/0070b801ae.wav|female|মৃতের অতীত জীবন
audio/0070c4476c.wav|male|সমুদ্রে ভাসতে ভাসতে
audio/00719b0a48.wav|male|নির্বাচিত হয়েছেন মোস্তফা কামাল
audio/0071f5c46e.wav|female|স্পিকার মীরা কুমার
audio/007263c3fb.wav|male|তার বাজনাটা
audio/00727ebc8f.wav|female|স্বর্ণপদক প্রদান করা হয়
audio/00728f32ca.wav|female|তাই সময় নষ্ট না 1
audio/00729b647b.wav|female|হিন্দি গান
audio/0072a6b23e.wav|male|লয়েড ম্যাথিউসের নেতৃত্বে
audio/0072b55adb.wav|female|আমাকে ঘিরিয়া ধরিল
audio/007350beda.wav|female|তিনি সন্তুষ্ট নন
audio/0073b8f839.wav|male|কালের কন্ঠ সংবাদ
audio/0073ce2ecf.wav|male|শিক্ষার্থীদের হল নির্মাণ
audio/0074030db5.wav|female|প্রেমের উক্তি
audio/0074595cf9.wav|male|বা আমিনুল হত্যাকাণ্ডের প্রেক্ষিতে
audio/0074b694e2.wav|female|তিন বছর মেয়াদে
audio/0074cc4bab.wav|male|শুধু তাই নয় অনলাইনে 1 জাতীয় পরিচয়পত্রটি স্মার্ট কার্ড নবায়ন করতেও পারবেন।
audio/00750889ed.wav|female|গেরিলাযুদ্ধ অনেক সময়ই
audio/00751f475c.wav|female|সুনন্দার প্রশংসা করছে
audio/007583919f.wav|female|বাবা জ্যোর্তিময় গুহঠাকুরতা
audio/0075a2953e.wav|female|সন্তুষ্ট হতে পারেননি
audio/0075ad2474.wav|male|বিআইডব্লিউটিএর চেয়ারম্যানের কাছে
audio/0075c16f74.wav|male|মেমোরি
audio/0075d2e8f6.wav|female|একটা না-ঘুম না
audio/0075dfc1db.wav|female|মোহাম্মদ নাসিম সভাপতিত্ব করেন
audio/0075eff2b1.wav|male|লড়াই করছে ভারতের জনগণও
audio/0075fcf43c.wav|male|৭/৮টি মামলা রয়েছে
audio/0076949cc3.wav|male|2002 সালে তা এসে
audio/00771a5e10.wav|male|মাত্র চার ঘণ্টা সূর্যের 1
audio/0077a85cde.wav|male|তার সঠিক কোনো দিক 1
audio/0077d47efb.wav|female|তার ফাইনালেও
audio/00784f6152.wav|female|জেমস চকোলেট 1 প্যাকেট
audio/00785d5fb1.wav|female|সেখানে গেলাম
audio/00787fa6cb.wav|male|মর্মস্পর্শীভাবে ফুটিয়ে তোলা হয়েছে
audio/0078ef951d.wav|male|সমান সুযোগ রাখা হয়েছে
audio/0078f15681.wav|male|স্বরাষ্ট্রমন্ত্রী গতকাল সাংবাদিকদের জানান
audio/0078f52952.wav|female|তবে রাত ৮টার দিকে
audio/00795f0014.wav|female|আকরাম আহমেদ
audio/0079a6ed9c.wav|female|শতাব্দীর একজন
audio/0079d20c6c.wav|male|মুরগির খামার
audio/0079f1fa5b.wav|male|প্রধানমন্ত্রী হলেন সরকারপ্রধান
audio/007a4f0f7e.wav|male|তারা যেন একটু হলেও
audio/007b7e8078.wav|female|শ্রীলঙ্কা সিরিজে
audio/007c5d1b3e.wav|female|পল্লী সঞ্চয় ব্যাংক
audio/007c6dcfc3.wav|male|বধ্যভূমি থাকার বিষয়টি নিশ্চিত 1
audio/007c7c7f60.wav|female|শনাক্ত করতে পারবেন
audio/007c7decde.wav|female|চলচ্চিত্র জগতকে বিদায় জানান 1
audio/007cb9f152.wav|male|এমন প্রেক্ষাপটে বিশ্বব্যাংক বলছে
audio/007cd93701.wav|female|স্পন্দিত হইতে লাগিল
audio/007d582429.wav|male|পাহারারা পাথরের মূর্তি
audio/007d6368e3.wav|male|লোক ক্ষেপেছিল কেন
audio/007d78f402.wav|male|চণ্ডীদাস ও জ্ঞানদাসের
audio/007e3b65e2.wav|male|কিন্তু পানি নিষ্কাশনের
audio/007ed8fdcc.wav|male|টাঙ্গাইল চলে আসেন
audio/007f0f33fd.wav|male|তাদের অনেকের স্বপ্নই এখন
audio/007f27e703.wav|male|অ্যাডিডাস বলটির
audio/007f5714dd.wav|male|আমি পাঠ্যবইয়ের বাইরে
audio/007f61c77a.wav|female|সালোকসংশ্লেষণ বেশি হয়
audio/007f8a41b1.wav|female|এ জন্য ভাষা সরল
audio/007f934d58.wav|male|খবরের ভিত্তিতে
audio/007fa8b9be.wav|female|তিনি উদাহরণ টেনে বলেন
audio/007fb55b6b.wav|female|তাঁর খুড়তুতো ভাই
audio/008076aebb.wav|female|আমি চাইছিলাম
audio/00813cb1cd.wav|female|উঠিয়ে দেয়
audio/00817e595f.wav|male|নিজেদের দাপ্তরিক দায়িত্ব
audio/0081f664fd.wav|female|বিলাই
audio/00827f109d.wav|male|সুপেয় পানির জন্য
audio/0082a0e29c.wav|female|নারায়ণগঞ্জ পুলিশের পক্ষ থেকে
audio/0082b4170c.wav|female|উদ্ধারকাজের সাথে জড়িত
audio/0084780a7b.wav|male|মধুসূদন, হেমচন্দ্র, নবীনচন্দ্র
audio/00847ec5e3.wav|male|কিন্তু নিজেদের ভুলেই
audio/00847f5353.wav|male|সেখানে বসে সে
audio/0084fe444f.wav|female|5 উইকেটে
audio/00854b6e11.wav|female|দূরীকরণ ইত্যাদি
audio/008554e9ba.wav|female|১৯৩৬-১৯৪২
audio/008564406b.wav|male|হঠাৎ ভটভটির ইঞ্জিন
audio/0085ac8398.wav|male|তেজস্ক্রিয় এবং মৌলগুলো
audio/0086c170e0.wav|male|টেক
audio/0086d720d8.wav|female|ও নবান্ন কথনে উঠে 1
audio/00870c71df.wav|female|খুদে কয়েকটা কৃত্রিম ঝরনার 1
audio/00875587eb.wav|male|শরৎচন্দ্র চট্টোপাধ্যায়
audio/0087de2a37.wav|male|সমাজের উন্নতি, অগ্রগতি
audio/0088d999d2.wav|female|হারকিউলিস নামের
audio/00890b54c7.wav|male|এক রকম বাধ্যই হচ্ছেন
audio/00895c276f.wav|female|আমাকে বলেছিলেন
audio/00896d2ce9.wav|female|আউটলুক মানি
audio/0089c46a94.wav|male|সিলেট ও ফেনীর শহীদ 1
audio/008a9d1aa5.wav|female|এ রকম ভয়বহ ঘটনা
audio/008bff9681.wav|male|দুটো নুড়ি
audio/008c6fc3cf.wav|male|তেঁতুলের বিরুদ্ধে
audio/008d230749.wav|male|প্রতিনিধিত্ব করেছেন বুদ্ধদেব বসু
audio/008d4bc528.wav|female|তারা নিতে চাইছেন না
audio/008d54b9a7.wav|female|খালেদ বলেন
audio/008e05ac0a.wav|male|সাম্প্রতিক সময়ে সরকারী ও 1 উদ্যোগে নানা তৎপরতায় এ বিষয়ে সচেতনতা বেড়েছে অনেক।
audio/008e239270.wav|female|তেমনি সত্যিকার স্বদেশকে
audio/008e4ef4be.wav|male|30 লক্ষ শহীদের কসম
audio/008e6f4c9a.wav|male|এসময় পুলিশের সাথে
audio/008ec9c3d6.wav|male|সরকারী ভবনের দখল নিয়ে
audio/008f7460b0.wav|male|ছিন্ন মস্তক তাঁহার কোল 1
audio/008fbae2fe.wav|male|আর কোনো সময়ক্ষেপণ
audio/0090a1be19.wav|female|প্রথমবর্ষ অনার্স ভর্তি পরীক্ষা
audio/0090a82e84.wav|male|আমার পাশের রুমে থাকে
audio/0090e48809.wav|female|এই ব্যবস্থা
audio/009137d496.wav|female|বিভিন্ন রকম
audio/0091c60ef2.wav|female|সংগীত পরিচালক ও কবি
audio/0091dec29e.wav|female|নতুন করে লেখা
audio/009245407b.wav|male|অক্টোবরের 21 তারিখে
audio/009307fe2e.wav|female|সাহিত্যিক, অভিনেতা মাঝেমধ্যেই
audio/0093165efa.wav|male|গায়ে আগুন দিয়ে
audio/00933d8fd0.wav|female|তার উপরে তীর্থস্থান
audio/00935a8543.wav|female|এ সময় বিশেষ অতিথি 1
audio/0093a064d7.wav|female|বাংলাদেশের অস্তিত্বের প্রয়োজনে
audio/0093a3ec6f.wav|female|সংরক্ষিত এলাকা হিসেবে
audio/00943a758e.wav|female|মিত্রতা বজায় রেখেছে
audio/00945b504f.wav|female|সারারাত ফুল ফুটে
audio/00949a6655.wav|female|মম’র বিয়ে
audio/00949d338f.wav|male|আমি সবেমাত্র
audio/0094c15a18.wav|female|ভালবাসার লাল গোলাপ
audio/0094db83e5.wav|female|এ ব্যাপারে চাপ দিচ্ছে
audio/00950f1da3.wav|female|প্রতিযোগিতার চূড়ান্ত পর্ব নিয়ে
audio/00956b24c1.wav|male|যথেষ্ট শ্রম
audio/00959dedfc.wav|female|তুলে নেয়া হয়
audio/0095cd088f.wav|female|পেশাদার ড্রাইভিং লাইসেন্স
audio/00964857de.wav|female|সমস্যা কোথায়
audio/009709d454.wav|male|পাড়ার লোকেরা
audio/00974bd884.wav|female|হাতিয়ার
audio/00975c1448.wav|female|2000 সালে বাংলাদেশকে
audio/0097be6c1a.wav|male|বিশেষ মনিটরিং সেল
audio/0097c1f559.wav|female|সন্তান হারানোর
audio/00986f9973.wav|female|সোনার কাটি রুপার কাটি 1
audio/0098b4e6e0.wav|male|ইষ্টি আইছে
audio/0098e23fab.wav|female|সংবাদ সম্মেলনে
audio/0098f0c733.wav|male|গণমাধ্যমের প্রতি আহ্বান জানায় 1
audio/0099405a35.wav|male|অমনি দেখে
audio/00996aa762.wav|male|অন্যতম সদস্য ড্রামণ্ড সাহেব 1
audio/009a7ca6c0.wav|female|সে ছুটে মাঠে চ’লে 1
audio/009b16f4b5.wav|female|নিজের জীবন
audio/009b462e19.wav|female|সরকারের কাছে না পাঠালে
audio/009b4cde3e.wav|male|আল্লাহ যা বলেছেন তাই 1
audio/009b5ebc30.wav|male|ফিরে এসেছেন
audio/009bad13dd.wav|female|ইতিবৃত্ত-বিষয়ক গ্রন্থে
audio/009bc705f5.wav|male|সঙ্গীতকলা স্থাপত্যশিল্প
audio/009d6e8214.wav|male|ভোট হবে 24 ফেব্রুয়ারি
audio/009d700d16.wav|male|পাণ্ডব-রাজ্যের পুনরুদ্ধার
audio/009db01a5d.wav|male|সেটা ফিল্মস ডিভিশন
audio/009dcc8663.wav|male|আমরা এখন
audio/009dd8b537.wav|female|অন্য কোন বিকল্প নেই
audio/009e185a61.wav|male|টাকা-পয়সা নিয়ে
audio/009e6ce579.wav|female|তার পরেই ঠাহর হলো
audio/009e76a6b0.wav|male|স্বাভাবিক পদক্রম হল
audio/009ea8d355.wav|female|হ্যাঁ, গুজরাটে যা হয়েছিল
audio/009ebd00c0.wav|male|আমার সোনার ময়না পাখি
audio/009ec330f0.wav|female|উপচে পড়ছে বাড়ি
audio/009f47d832.wav|female|মানবিক দৃষ্টিকোণ থেকে
audio/009f83a867.wav|male|তারা আরব দেশগুলো থেকে
audio/009fc9af89.wav|female|সবচেয়ে বড় চমক
audio/00a0010cf8.wav|male|পরমেশ্বর যদি রেগে যায়
audio/00a0215d51.wav|female|তাদের বিরুদ্ধে তারা ব্যবস্থা 1
audio/00a0486294.wav|female|কাউকে ভয় পান না 1
audio/00a048efac.wav|female|মাসিক পত্রিকা কিনলে
audio/00a095228d.wav|male|তাদেরকে উদ্ধার করে
audio/00a0fec976.wav|male|দশম জাতীয় সংসদ নির্বাচনে
audio/00a1e54507.wav|male|স্পিকার মীরা কুমারসহ
audio/00a1fa1b3f.wav|male|শেষ মূহুর্তে জানায়
audio/00a23c343e.wav|male|সন্ধ্যায় একটা সিনেমা
audio/00a2710ff4.wav|female|ফিলিস্তিনি নেতা
audio/00a2bfd5d9.wav|female|তিনি করলেন কি
audio/00a38ace38.wav|male|সভায় ফিরে এলে
audio/00a41053e9.wav|male|খ্রীঃ পূঃ 1370 বৎসরে
audio/00a4640a4f.wav|male|বাংলাদেশ সবচেয়ে দীর্ঘ
audio/00a5258384.wav|male|আমার ভালবাসা
audio/00a53a0db3.wav|female|আটকা পড়া একটি ডলফিন
audio/00a55ac8ec.wav|female|গত২৭ জানুয়ারি
audio/00a5a23863.wav|female|ব্রিটিশ লেবার পার্টির নেতা 1 মিলিব্যান্ড বলেছেন টনি বেন ছিলেন আমাদের সময়ের একজন উজ্জ্বল ব্যক্তিত্ব।
audio/00a66d3b91.wav|female|তাহাতেও কৃষ্ণের নাম আছে
audio/00a68685ea.wav|female|জিরাবাটা দিয়েনাড়ুন
audio/00a6f15de2.wav|male|গণতন্ত্রপন্থী আন্দোলনকারীদের বিরুদ্ধে
audio/00a7086476.wav|female|আর্কাইভিস্ট মাইকেল আর্লউইন
audio/00a73f347b.wav|male|কালো দাগ ছাড়া
audio/00a82a5eb6.wav|female|যত দ্রুত সম্ভব কাজ 1 করাই সরকারের লক্ষ্য।
audio/00a905b52b.wav|female|বইয়ের দোকানের সামনে গিয়ে
audio/00a973cfa4.wav|male|এবং মি. আশরাফ ছিলেন
audio/00a98b1032.wav|female|চৈতালি বলে
audio/00a9d000a0.wav|female|চিমটি কাটতে হচ্ছে তার
audio/00a9e11d24.wav|female|তা’ কি আমি জানি 1
audio/00a9f43f7a.wav|male|গৃহকর্মীকে নির্ধারিত মজুরির চেয়ে
audio/00abe1688c.wav|female|যে বনায়ন কার্যক্রমে
audio/00ac675e10.wav|female|কতটা বৈষম্য হ্রাস করতে 1
audio/00ac92a5c8.wav|female|বেচে ফেলছেন
audio/00acc9e37c.wav|female|ঘুরতে শুরু করেছিল
audio/00ad1e9668.wav|male|তারিফ না করে
audio/00ad891f59.wav|female|আইসল্যান্ডের প্রায় অর্ধেক অংশ
audio/00adc56c5f.wav|female|রাত্রে কুপি জ্বালাইয়া
audio/00ade2be95.wav|female|দেখা যায় আমদানি
audio/00ae594528.wav|male|কাফরুল থানা এলাকার সেনপাড়ায় 1
audio/00aeb283e8.wav|male|আজ রবিবারেও দলের মহাসচিব 1 কিন্তু সেসব গ্রহণ করা হয়নি।
audio/00aeb626d9.wav|female|করা ঠিক না
audio/00aebe9d91.wav|male|আগে ব্যবহার না করলে
audio/00aef1c405.wav|male|সকালে শহরের কম্পপুরে
audio/00af61420a.wav|male|পলাশী, ব্যবসায় শিক্ষা অনুষদ 1
audio/00af816790.wav|male|যে কথা উঠেছে
audio/00af89f97e.wav|female|তাতে আমাদের তেমন আনন্দ 1
audio/00afb09dfd.wav|male|যুদ্ধাপরাধ বিচার মঞ্চের
audio/00b0077d19.wav|female|তুমি অবিমুগ্ধ হইয়া
audio/00b051e227.wav|male|গণতন্ত্র সম্পর্কে
audio/00b0c74a8c.wav|female|চট্টগ্রাম এসেছিলেন
audio/00b13c83e5.wav|female|বাজার ঘুরে দেখা গেল
audio/00b1a91838.wav|female|ততটুকুই করা হয়েছে
audio/00b25bf18a.wav|female|আদালত কার্যদিবসের শুরুতে
audio/00b32e047d.wav|male|বর্তমান রাজনৈতিক প্রেক্ষাপট দেখে
audio/00b49ae437.wav|female|বৃহস্পতিবার থেকে 24 মার্চ 1
audio/00b4abede7.wav|male|সম্ভাবনা ও নতুন জগতের 1
audio/00b4f7dd41.wav|male|আমরা অনেকক্ষণ হলো
audio/00b5180142.wav|female|থেকেও রেহাই পেয়ে
audio/00b574faaa.wav|female|জাপান ও চীনের মধ্যে
audio/00b5797f0f.wav|female|পশ্চিমা দেশগুলোকে আশ্বস্ত করেন 1
audio/00b5f2de82.wav|female|কেন রে মূঢ়
audio/00b63139f7.wav|female|সেই যে কলকাতায় ফিরে 1
audio/00b673bd29.wav|female|সব মিলিয়ে বেশ
audio/00b6759ab3.wav|female|দ্রুত উত্তেজনা কমিয়ে
audio/00b6e012b2.wav|male|উৎসব করে ঢাকা বিভাগ
audio/00b718c37b.wav|female|আমার কর্ণকুহর
audio/00b75fc3ec.wav|female|টলিউড চলচ্চিত্রে প্রদর্শিত
audio/00b7a6990e.wav|female|প্রচ্ছদ ও আলোকচিত্র
audio/00b7c616f6.wav|female|সম্মেলনের সাফল্যকে ইতোমধ্যে প্রশ্নবিদ্ধ 1
audio/00b95717f6.wav|female|এই কাজ পরিত্যক্ত হয়
audio/00b96832dd.wav|male|সারা বিশ্বে এক নম্বর
audio/00b9f7554b.wav|female|নির্বাচন করতে
audio/00ba8cb4d1.wav|male|সিদ্ধান্তগুলো কি আদৌ
audio/00bb2abf2b.wav|male|রাজধানী পেরিয়ে
audio/00bb8ae812.wav|female|মুক্তির কোনো কথা তাঁর 1
audio/00bbf8682d.wav|female|যেহেতু 24 শে অক্টোবর 1
audio/00bcfabb00.wav|female|সহায়তা না পাওয়ায়
audio/00bd010e3d.wav|male|চূড়ান্ত করতে
audio/00bd5402ad.wav|female|আরও জানতে অপেক্ষা করতে 1
audio/00bdd8bf21.wav|female|গড়ে তোলার
audio/00be8966cf.wav|male|মির্জা ফখরুল
audio/00bf0d5a13.wav|female|লেখকের জন্যে
audio/00c02e30f9.wav|female|নাশ করে
audio/00c082b473.wav|female|তাদের বিয়ে মাত্র
audio/00c156b05a.wav|female|সমকালীন দৃষ্টিভঙ্গি’তে
audio/00c182d6f9.wav|male|বায়ুর বিশেষ পরিচয়
audio/00c19393f9.wav|male|৬৭তম মিনিটে
audio/00c1968989.wav|male|আন্দোলনে একাত্মতা ঘোষণা করে
audio/00c235f8f3.wav|male|দেবশ্রী রায়
audio/00c28cd71c.wav|female|বাঙালি স্বাধীনতা সংগ্রামের
audio/00c29004bc.wav|female|আসর পরিবেশন করেছেন
audio/00c2a7235b.wav|female|এক বছর পরও
audio/00c347a1ec.wav|female|হাটে বাজারে স্পেনীয় ভাষাতেই
audio/00c45fd7e1.wav|male|আমাদের রবিশস্যের
audio/00c4df71db.wav|female|তখন অজস্র জ্যোৎস্না
audio/00c53eb006.wav|male|মেয়েদের বেলায়
audio/00c57ae088.wav|male|সম্পূর্ণ অমনোযোগী
audio/00c5d597e3.wav|female|ড্রেসডেন শহরে
audio/00c644a12b.wav|male|ধরা যাক পায়ের আঙুলে
audio/00c65af965.wav|female|মামলা করার বিধান রয়েছে
audio/00c7798736.wav|male|লিপিবদ্ধ করে আসছে
audio/00c7810126.wav|female|চেষ্টাও করা হয়
audio/00c801d2d7.wav|female|সুকান্তের ঘোষণা, ইতিহাস
audio/00c80e54e3.wav|female|জনমত গড়ে তুলেছেন
audio/00c8377e82.wav|female|আপনি সঠিক বলেছেন
audio/00c84241d9.wav|female|সেই বিশাল পরিকল্পনা তাঁকে
audio/00c9353520.wav|female|এ সিদ্ধান্ত হয়
audio/00c9965110.wav|male|দুইটি প্রাণী গলুইয়ে বসিয়া
audio/00c9b2c087.wav|male|অনেক মূল্যের বিনিময়ে
audio/00ca2fc41a.wav|female|তুর্কি সংস্কৃতি ও তুর্কি 1 বিষয়ে
audio/00ca39afae.wav|female|স্যাম মেন্ডেস পরিচালিত
audio/00ca48af48.wav|female|বুয়েট ক্যাম্পাসে নেয়া হয়
audio/00ca55e0f3.wav|female|যা 2003 থেকে 2009 1
audio/00ca7c33c5.wav|female|কোতোয়ালি থানার উপ-পরিদর্শক
audio/00cad5a413.wav|female|যদিও গোর্কি
audio/00cbe1e536.wav|female|একটা খারাপ বছর
audio/00cc37b03e.wav|male|অসমীয়া জাতির
audio/00cc627edb.wav|male|শনিবার জর্দান সফরের মধ্য 1
audio/00cd146de7.wav|female|তখন থেকে তারা দেখে 1
audio/00ce1e85f3.wav|female|দেশের একটি জাতীয় দৈনিকের
audio/00ceca350e.wav|male|একজন যুবক বলছেন
audio/00cef758f3.wav|male|বাংলাদেশের শেষ ম্যাচের দিনে
audio/00cefbc2da.wav|female|পুরো কোটা বাতিলের
audio/00cf10e539.wav|male|ডুবন্ত লঞ্চটির অল্প অংশ
audio/00cf2405cc.wav|male|আইনশৃঙ্খলা রক্ষায়
audio/00cf2e3ffc.wav|male|আমেরিকা থেকে ফিরে আশির 1 শুরুর দিকে শিপিং ব্যবসার মাধ্যমে ব্যবসা শুরু করেন।
audio/00cfd45a79.wav|male|ধারণা করছে রানা
audio/00d03dca0d.wav|male|আমার ভারি ভয় হতো
audio/00d060275c.wav|female|বোমা হামলার খবর আসছে
audio/00d086715b.wav|female|পিটার ড্যাশাক আরো বলছেন
audio/00d0948a38.wav|female|এসব অঞ্চলের ঝুঁকিপূর্ণ ভোটকেন্দ্রে
audio/00d0ab8769.wav|male|আমার ভাই
audio/00d1268fe9.wav|male|এই জালিয়াতিতে সক্রিয় দেখা 1
audio/00d14506d0.wav|male|মিশরের এই মহারানির
audio/00d152a588.wav|female|বিলটি পাসের দৃশ্য
audio/00d1a372b6.wav|female|অল্প কিছু বিরল ব্যতিক্রম 1
audio/00d1a868ea.wav|male|ধকল কাটাতে
audio/00d1e01614.wav|male|নাট্যমন্দির ছেড়ে
audio/00d1ef9bd5.wav|female|শিল্পী আঁখি আলমগীর
audio/00d2946b69.wav|male|দেশি
audio/00d2d034ec.wav|male|কিন্তু রাতের ঝড়ে
audio/00d2db5367.wav|male|নির্যাতন চালানোর অভিযোগও রয়েছে
audio/00d2fc246c.wav|male|সমস্ত জিনিস
audio/00d2fd2b72.wav|male|মাথা
audio/00d2fdaa7f.wav|female|ডাকাতি বা পূর্ব-শত্রুতার
audio/00d333bc2d.wav|female|ভাতের সঙ্গেও খেতে পারেন
audio/00d3498093.wav|female|দাঁড়াতে পারছিলাম না
audio/00d45224a2.wav|female|আরেকটি সফল উদাহরণ
audio/00d46fac05.wav|male|লাশ দুটি মর্গে রয়েছে
audio/00d4be2b52.wav|male|এ ঘটনার জের ধরে
audio/00d5b15b7c.wav|male|ডাকা অভিমুখে লংমার্চ শুরু 1
audio/00d5e49387.wav|female|এই প্রশ্নগুলো
audio/00d5ee6f76.wav|male|তার বন্দী খোঁপা কাঁধের 1
audio/00d5f85d95.wav|female|পালিয়ে গেছে
audio/00d65808d5.wav|female|এর সাফল্যের উপর
audio/00d6ca84b4.wav|female|সেদিকে নজর দিতে হবে
audio/00d6eaa2a5.wav|male|নজরে পড়েন তিনি
audio/00d7160169.wav|male|যেদিন ও’রা আসেন
audio/00d79e7353.wav|female|ব্রিটিশ ও পাকিস্তানের বিরুদ্ধে
audio/00d7b7a1df.wav|female|যিনি একটি কার্যকর নৌবাহিনী
audio/00d7d0866e.wav|female|মর্জিশাসিত তাঁর জীবন
audio/00d7fc5ad2.wav|male|যতদিন আমাকে না দিচ্ছে
audio/00d91140fb.wav|female|ছেলেটির বয়স বছর চারেক
audio/00d94e430e.wav|male|একটি নতুন কুলি
audio/00d9857251.wav|male|তোমাদের আমি সেই যুগের 1
audio/00d9922748.wav|male|আন্তর্জাতিক ভাষা দিবস
audio/00da2db85d.wav|female|নির্ধারিত রাইডসে চড়তে
audio/00da56b869.wav|male|কিছু প্রতিষ্ঠান
audio/00daa99220.wav|female|পেশায় আইনজীবী
audio/00db454e59.wav|male|প্রাকৃতিক নিয়মে প্রতিদিন
audio/00db6e123e.wav|female|ছুটির সিদ্ধান্ত
audio/00dbcaeea9.wav|male|অ্যাডভোকেট জয়নাল আবেদীন বলেন
audio/00dcbeb27e.wav|male|এক বেদনাবিধুর প্রেম কাহিনী
audio/00dccd631f.wav|male|এক পারিবারিক মণ্ডলে
audio/00dd284cfa.wav|female|অসংখ্য জনপ্রিয় গান
audio/00dd57768e.wav|male|লাভবান হওয়ায়
audio/00dda04ca3.wav|male|থলের ভিতর
audio/00ddab44b2.wav|female|তাদের পরামর্শ উপেক্ষা করে
audio/00dded2e8a.wav|male|যোদ্ধা
audio/00de9e28ea.wav|male|জন্ম ও বেড়ে ওঠা
audio/00de9ede68.wav|female|দুই দিনের মধ্যেই
audio/00dee0988e.wav|male|আমি তাকে বিয়ে করার
audio/00df6e05f2.wav|female|বাংলাদেশের সাম্প্রতিক নির্বাচনের পর
audio/00dfbd08e0.wav|female|বাংলা ছোট গল্প
audio/00dff0c787.wav|male|দ্বিতীয় বিশ্বযুদ্ধের পর আদিবাসী 1 নিরাপত্তার জন্য জাতিসংঘ 1957 সালে আইএলও 107 প্রণয়ন করে।
audio/00e049a7e0.wav|female|শীর্ষ সন্ত্রাসীদের তালিকা
audio/00e15cf313.wav|female|সন্ধ্যায় পুলিশ এল গ্রামে
audio/00e1953700.wav|female|তাকে বিক্রি করে দিতে 1 দলটি
audio/00e1b72052.wav|male|দুঃখ প্রকাশ করে যশরাজ 1
audio/00e1c4c2c0.wav|female|চিনি দিয়ে রান্না করুন
audio/00e1f2f586.wav|female|4 অক্টোবর
audio/00e1f82cf1.wav|female|অন্ধ হয়ে পড়েন
audio/00e20f30d3.wav|male|অন্যান্য কারণের মধ্যে
audio/00e328ee10.wav|male|মাসের পারফরমেন্স নিয়ে যখন
audio/00e32eaeb8.wav|female|ছোট-বড় হাজার হাজার
audio/00e371c3ef.wav|female|তাকে পার্সেলটি নিতে পাঠিয়েছিল
audio/00e43366aa.wav|male|সীমান্তের নো-ম্যানস ল্যান্ডে
audio/00e471b1f8.wav|female|বাংলাদেশ সংলাপের বিশেষত্ব
audio/00e47908d1.wav|female|লবণাক্তও ছিল না
audio/00e4df5939.wav|female|বার্সেলোনার গোলমুখে
audio/00e504cfd4.wav|female|শিক্ষাস্থল প্রথমে
audio/00e5463680.wav|male|এই আকস্মিক বইটির
audio/00e57b39be.wav|female|হয়রানি না করার নির্দেশ 1
audio/00e5cb6ba4.wav|female|অন্যদিকে একাত্তর থেকে শুরু 1
audio/00e6126b89.wav|female|মোটামুটি ব্যবসা করলেও
audio/00e649f2f1.wav|male|একটু ভড়কে যায়
audio/00e65f47e7.wav|male|রাজপথের আন্দোলনে
audio/00e66d007a.wav|female|যাত্রীরা অভিযোগ করেছেন
audio/00e6be32e4.wav|female|নরেন্দ্র মোদীর জীবনী
audio/00e7f558ea.wav|female|খবর নিয়ে জানা গেল
audio/00e8207d57.wav|female|উলঙ্গভাবে বসে আছি আমি
audio/00e849913a.wav|male|তিয়াত্তর হওয়া
audio/00e8de8fdf.wav|male|132 রানে পিছিয়ে আছে
audio/00e94885c5.wav|male|১৬ই মে তার বিরুদ্ধে
audio/00eb1979ac.wav|female|বড় বড় গোঁফ
audio/00eb78922f.wav|female|তাঁকে প্রিটোরিয়ার একটি হাসপাতালে
audio/00eb900e81.wav|male|তখন কি দাঁড়াবে
audio/00ebb2dbd5.wav|male|থাকার জন্যই তো
audio/00ecbbe744.wav|female|ভর্তি হন
audio/00ed590fd5.wav|female|খিচুড়ি দেওয়া হচ্ছিল
audio/00ed5cbdd1.wav|male|আপনি তাহাদিগকে পড়াইতেন
audio/00ed6adfe7.wav|male|দুজন প্রায়ই
audio/00ed72e9e1.wav|male|ভারতসাগর কবজায় নেয়ার
audio/00eda2b0a4.wav|female|তিনি সমালোচনার মুখেও পড়েছেন
audio/00eed11873.wav|male|ফায়ার সার্ভিসে খবর দিলে
audio/00ef784911.wav|male|সঙ্গে ছিলেন তার স্ত্রী
audio/00f00313ff.wav|female|মূলত মাংস দিয়ে তৈরি
audio/00f04dc81b.wav|male|তারা প্রাতিষ্ঠানিক
audio/00f0522079.wav|female|গাল বেয়ে
audio/00f0cd4156.wav|female|তাই আমি প্রধানমন্ত্রীর কাছে
audio/00f1cb8885.wav|male|মুহূর্তের মধ্যে জানা যাবে
audio/00f1f81f0c.wav|male|চর গুলগুলিয়া গ্রামে
audio/00f2396ba9.wav|male|54 ও দশম উইকেটে
audio/00f2f06892.wav|female|ডিপিডিসির ব্যবস্থাপনা পরিচালক
audio/00f318e9f2.wav|female|একটি শোভাযাত্রা
audio/00f33d5682.wav|male|আলাদা আলাদা ভাবে
audio/00f42bac99.wav|male|ডিবির লোকেরা আমাকে
audio/00f56ae101.wav|female|আমরা দেখেছি যে
audio/00f60b4727.wav|male|যুক্তি দিয়ে
audio/00f7d9bf55.wav|female|বলতে বলতেই
audio/00f841b84d.wav|female|বরদাস্ত করতে পারতেন না
audio/00fadd66c7.wav|male|সমস্ত কাগজ
audio/00fb1a936c.wav|male|বাঁ পায়ের ভলিতে
audio/00fb55e27a.wav|male|বাংলাদেশে প্রেক্ষাগৃহ ছিল
audio/00fb61e94f.wav|female|আপেল
audio/00fc5d6d19.wav|male|বর্ণনা পাওয়া যায়
audio/00fc8396e2.wav|male|মন্ত্রীদের মুখের
audio/00fd33f477.wav|female|র‌্যাব কর্মকর্তাকে গ্রেপ্তারের বিষয়ে
audio/00fd4b107f.wav|female|সমুদ্র সৈকত
audio/00fefe869d.wav|female|পরিবেশন করেছেন
audio/0a00a4fe56.wav|female|বিষয়টি নিয়ে বৃহস্পতিবার
audio/0a010c7746.wav|male|থানা থেকে গ্রেপ্তারকৃতদের
audio/0a01806b9c.wav|male|বিয়ে করেন একটি মেয়েকে
audio/0a0223a2fc.wav|female|যদি কেউ অ্যাডভেঞ্চারের চেষ্টা 1
audio/0a0229b7b7.wav|female|বাংলাদেশে খোলাখুলি কথা বলাটা
audio/0a0422f828.wav|female|বোমা ফেলতে শুরু করলো।
audio/0a04890036.wav|female|স্বাধীনতার ইতিহাসের
audio/0a048b8ea0.wav|female|মানুষের জীবন যাত্রার উপর 1
audio/0a04bf9c97.wav|female|অমিত কুমার
audio/0a04c1007c.wav|female|সেইরূপ আমরা
audio/0a04d1f677.wav|female|স্কুল খোলা
audio/0a0525148e.wav|female|কেন কে জানে
audio/0a0584b940.wav|female|ভারপ্রাপ্ত মহাসচিব
audio/0a058c67cc.wav|male|স্যাটেলাইট তথ্যের ভিত্তিতে
audio/0a06e96c6f.wav|male|এতে করে যে বিষয়গুলো
audio/0a06f686b6.wav|female|ছোট বড় বিভিন্ন ধরনের 1
audio/0a07094428.wav|female|তবে প্রার্থী
audio/0a07948327.wav|female|এরা দূরপাল্লার যানবাহনের যাত্রীদের
audio/0a083688ae.wav|female|আপন আপন ভূমিকা
audio/0a08f18c79.wav|male|তিনখানা ইন্টার কাসের দরুন
audio/0a0906069f.wav|female|নানা ধরনের জিনিস ফেলে
audio/0a093d774a.wav|male|গ্রন্থেও তাহা পাইয়াছি
audio/0a09e9a73a.wav|male|দুর্ঘটনার সময় লঞ্চটিতে
audio/0a09f59594.wav|female|রাখা হয়
audio/0a0a304d01.wav|female|তুলনায় আর্দ্রতা
audio/0a0ad6c180.wav|female|পাকিস্তানের 18 কোটি জনসংখ্যার 1 শিয়া জনগোষ্ঠির মানুষ প্রায় 3 কোটি 60 লাখ।
audio/0a0ae5b8df.wav|female|পুলিশ দুজনকে আটক করেছে
audio/0a0bee8bae.wav|female|মুস্তাফিজুর রহমান মানিক
audio/0a0c94aa9e.wav|female|সারা হন
audio/0a0ce099a3.wav|male|পর্যাপ্ত নিরাপত্তা
audio/0a0d13b8e1.wav|female|অসুবিধাতেও পড়তে হয়
audio/0a0daf72e3.wav|female|আমাদের সামনে
audio/0a0e11a2d3.wav|male|একবার বাদশাহর
audio/0a0e696d0c.wav|female|অ্যালান রেমন্ড আইজ্যাক
audio/0a0e6d42f4.wav|male|অনেক বাধা আর প্রতিকূলতা
audio/0a0eaf75ef.wav|female|অপব্যবহার করা হচ্ছে
audio/0a0f76f7c8.wav|female|জিয়াউর রহমানকে বর্তমানে
audio/0a0fe41f52.wav|male|প্রচারিত হতে যাচ্ছে
audio/0a1069875a.wav|female|সিনেমার ফাইটিংয়ের দৃশ্যের মতো
audio/0a10c5c9f1.wav|male|কথা কহিতে লাগিলাম
audio/0a11385cf0.wav|male|বই উৎসর্গ করেছিলেন
audio/0a11670042.wav|female|এসব এলাকার কিছু
audio/0a11fabe81.wav|female|সাথে 1754 থেকে
audio/0a12392523.wav|male|পুরাতাত্ত্বিক কিছু তথ্যের সঙ্গে
audio/0a1240f756.wav|male|এবং বাচ্চাদের ক্ষেত্রেই
audio/0a13268271.wav|female|বই লিখেছেন ওয়াজেদ মিয়া
audio/0a135366e9.wav|male|অস্ট্রেলিয়ার মুদ্রার নাম হল
audio/0a13877399.wav|female|দুটো মামলায়
audio/0a13a4c83c.wav|male|ক্ষমতা দখলের কোন পরিকল্পনা
audio/0a13b53931.wav|female|বাণগড়ের দানপত্রে
audio/0a141adaa9.wav|female|গুগলপ্লাস ব্যবহারকারীর সংখ্যা 54 1
audio/0a1428e5cc.wav|male|কয়েকদিন ধরেই কেন্দ্রীয় সরকার
audio/0a144612f1.wav|female|কোন রকমের সহিংসতার ঘটনা 1
audio/0a14bf30a6.wav|female|রানাতুঙ্গা জন্মগ্রহণ করেন
audio/0a14ee1599.wav|male|অধিকাংশ মানুষ
audio/0a153f664e.wav|male|রাহানের প্রথম শ্রেণীর ক্রিকেটে
audio/0a1598003f.wav|female|বিক্ষোভকারীরা সন্তুষ্ট হবে বলে
audio/0a15c2f455.wav|male|আরও 100 একর জমি
audio/0a1602ee79.wav|male|রাখা যাক
audio/0a16c96285.wav|female|কতক কতক লিখিয়াছি
audio/0a17147252.wav|male|তাঁদের ইংরেজী গল্প প্রসঙ্গে
audio/0a180aa06e.wav|female|সরকার যাচাই বাছাই করে
audio/0a1818d901.wav|female|বাংলাদেশের বিভিন্ন জেলায়
audio/0a187264a1.wav|female|সমন্বয়ে গড়ে ওঠে তিনকন্যা
audio/0a18ce2b9c.wav|male|কি আমাদের বলবেন
audio/0a1953141b.wav|male|18 দলীয় জোটের
audio/0a19d35723.wav|female|ওই দায়িত্ব নিয়েছিলেন
audio/0a1a28be47.wav|male|আল-কায়েদার নতুন শাখা
audio/0a1a2cad7d.wav|male|একসময় সবার আগে
audio/0a1aa24699.wav|male|এক্সট্রা বালিশ আছে
audio/0a1ab986e0.wav|female|মোর প্রিয়া হবে এসো 1
audio/0a1b748196.wav|female|আছে ক্যাম্পাসে নিহত শিক্ষক
audio/0a1bee2506.wav|female|গাধার দুধ পানও করতেন
audio/0a1c108e1e.wav|female|সালাউদ্দিন কাদের চৌধুরী
audio/0a1c9a458d.wav|female|গুরুত্বপূর্ণ ভূমিকা রাখবে
audio/0a1d4a74b5.wav|female|ইংল্যান্ডে নির্বাসনে পাঠানো হয়
audio/0a1d56fd87.wav|female|ডয়েচে ভেলে
audio/0a1d9935d6.wav|female|নিজের মালিকানাধীন
audio/0a1eb9755c.wav|male|সেলিনা হোসেন: দুটোই
audio/0a1f2cab06.wav|male|ওদের সঙ্গে চলে না
audio/0a1f697e26.wav|female|যিনি ফোন ধরেছেন
audio/0a1f737d9c.wav|female|লগ্নিকারীদের 20 হাজার কোটি 1
audio/0a2003d868.wav|male|তালা ঝুলিয়ে দিয়েছেন
audio/0a2026db72.wav|female|এবং যুক্তরাষ্ট্র অংশ নিচ্ছে
audio/0a2051b33e.wav|male|তাঁদের নিজস্ব ভাষায়
audio/0a20939474.wav|female|৩০১টি শিক্ষা প্রতিষ্ঠান
audio/0a20c4f72d.wav|male|ক্রমে ভিক্ষাবৃত্তি অলসদের
audio/0a20d1269e.wav|male|পাঠাতে হয়েছে
audio/0a20fcfd1d.wav|female|ডিমের সাদা অংশ ফেটিয়ে
audio/0a21450299.wav|female|করা না হলে
audio/0a21482d62.wav|male|ভেবে দেখুন ত
audio/0a215c58c7.wav|female|ছিনিয়ে নেবে
audio/0a2173389f.wav|male|কারও গুম হওয়ার অভিযোগ
audio/0a2227e151.wav|female|পাল্টে হলো তাল
audio/0a227f30a2.wav|male|সবই বৃথায় যেত
audio/0a23c37b3d.wav|female|মুসলমানের ছেলে
audio/0a2418f92c.wav|female|কখনো চিলমারির পথে পথে
audio/0a245b67a8.wav|female|কাজগুলো উপজেলা পরিষদ
audio/0a253d138f.wav|male|রচিত হ্যারি পটার
audio/0a25a2cbc4.wav|female|সুস্মিতা চক্রবর্তী বলেন
audio/0a2623c7e3.wav|male|দলপতির কৌশল
audio/0a2649cb11.wav|female|জুলিয়েটের সমাধিকক্ষে
audio/0a278ad30e.wav|female|গ্রীনরোডে পরিবারের সাথে
audio/0a27e7eb94.wav|female|পরিবেশের ওপর নিয়ন্ত্রণ রাখতে 1
audio/0a28390eae.wav|female|যখন তিনি আমাদের দেখে
audio/0a28a814f0.wav|female|করা না হলে
audio/0a291d75ca.wav|female|সর্বশেষ অতিনবতারা দুটি ছিল
audio/0a2a0c150b.wav|female|বেজায় ঘাবড়ে গেলেন
audio/0a2a6981bf.wav|female|চকনেওয়া গ্রামের
audio/0a2a7b2a9c.wav|male|নিহত কিশোরীর বাড়ি থেকে
audio/0a2aa2ac4b.wav|male|জয়লাভ করবেন বলে
audio/0a2beae778.wav|male|জীবন শুরু করেছেন তিনি
audio/0a2c0bab04.wav|female|ফাইনাল ম্যাচসহ বাকি ছয়টি 1
audio/0a2cbae4cf.wav|female|ব্লগ
audio/0a2cf3ec0d.wav|female|এবার চাল কিংবা ডাল
audio/0a2d4e3cf9.wav|female|এই দুইটি গুরুতর বিপদ্ 1
audio/0a2d9e18e5.wav|female|উন্নত দেশসমূহের শিক্ষার সঙ্গে
audio/0a2e0e0ff3.wav|male|শেখ মুজিব নামের মানুষটি
audio/0a2ecbe019.wav|female|নববর্ষ পালন করত রোমানরাও
audio/0a2f383927.wav|male|বিবরণের বইও
audio/0a2fb778fc.wav|male|এক বছরের আগে
audio/0a2fe847c4.wav|male|সাধারণ জ্ঞান প্রশ্ন
audio/0a303d6aaf.wav|male|শালীনতা অশালীনতার
audio/0a3088a0b9.wav|female|একটা হিন্দু মন্দির
audio/0a30e906fa.wav|male|বেসরকারি খাতের ১৯টি ব্যাংকও
audio/0a30f11f75.wav|male|নর্দের শট ইস্ট বেঙ্গলের
audio/0a31454415.wav|female|লাশ শীতলক্ষ্যা নদীতে পাওয়া 1
audio/0a31866580.wav|female|সংশ্লিষ্ট দ্রব্যগুলোর দাম বাড়ছে
audio/0a31998a35.wav|male|কেন, কত পুরুষ-কবি
audio/0a3233fc83.wav|male|তার দু’দিন পর
audio/0a3248a419.wav|female|মা’র বয়সী একজন
audio/0a32799e73.wav|female|কেউ কি কখনো কল্পনা 1
audio/0a32cd1b75.wav|male|ভারতের বিশাল জনগোষ্ঠীর
audio/0a3308f0d7.wav|female|এই গ্রন্থে
audio/0a3316edf6.wav|female|অন্য দাতারা হলো
audio/0a33ad1ab0.wav|male|রাখা হবে না বলে
audio/0a346824df.wav|female|একটা গর্ত থেকে
audio/0a347113bf.wav|male|সভায় ফিরে এলে
audio/0a35461786.wav|female|দেওয়া হচ্ছে না
audio/0a360abdb0.wav|male|তার কাজের ধরন
audio/0a36272699.wav|female|শেরওয়েল তাই-ই বলতেন
audio/0a3635b526.wav|female|তারা আশায় বুক বাঁধবে
audio/0a366b27b2.wav|male|এটা চুপচাপ ছিল
audio/0a36c72ea4.wav|male|আতপ চালের গুড়া
audio/0a36d1e42b.wav|male|শহিদুল তার মেজ ভাই
audio/0a376a41a8.wav|female|তাঁদের কান্নার শব্দ
audio/0a37d955d4.wav|female|প্যারিসের এক
audio/0a37ec0f6b.wav|female|ভারতীয় ক্রেতাদের জন্য
audio/0a3898f5fc.wav|female|দর্শকদের একাংশ
audio/0a389acadf.wav|female|সুব্রত রায়ের দুটি কোম্পানিকে
audio/0a39154c2f.wav|male|সকাল ছয়টা থেকে প্যারেড 1 প্রবেশ করতে শুরু করে মানুষ।
audio/0a39339135.wav|female|সমালোচনা করেছেন
audio/0a39e73b53.wav|male|তিব্বতের ভেতর দিয়ে
audio/0a3a10e8d0.wav|male|শিমুল ইসলাম তনু
audio/0a3a283754.wav|female|ডিম, চিনি ও মাখন 1
audio/0a3a6e07f4.wav|female|নিচু গলায় কথা বলল
audio/0a3b742880.wav|female|গ্রেফতার করে দেশে ফেরত 1
audio/0a3c1d0fe5.wav|male|মার্চের শেষ থেকে
audio/0a3c6ab616.wav|female|বেশি রিজার্ভ নিয়ে
audio/0a3c983cb6.wav|female|শ্যাম্পু করার সময়
audio/0a3cae9aa1.wav|female|চীন ভারতের উদ্বেগের কারণ 1
audio/0a3d42427a.wav|female|হৃদয়ই সবচেয়ে বড় পবিত্র 1
audio/0a3d506d6b.wav|male|পলাতক আছেন
audio/0a3dda62f2.wav|female|ট্রেড ইউনিয়ন
audio/0a3e0340cd.wav|male|যথারীতি এবারও ছবিটি ছিল
audio/0a3e13a57c.wav|female|বেবি
audio/0a3ef33e19.wav|female|মোদি দাঙ্গাবাজ কমরেড।
audio/0a3f3c02db.wav|female|খুশকির সমস্যা
audio/0a3fb2853e.wav|male|শাসক গোষ্ঠী
audio/0a3feedebe.wav|female|হঠাৎ করেই নন্দিনী
audio/0a40abb41c.wav|female|স্বীকৃতি দেয়
audio/0a40ba03a1.wav|male|নানান কথা
audio/0a40cf46a9.wav|female|ঘটনাস্থলের কাছের শহর
audio/0a40f3d5d3.wav|female|সঙ্গে দুটি ত্রিদেশিয় সিরিজও
audio/0a40f3f4af.wav|male|সরকারের অনেক সময় লাগছে
audio/0a4107e626.wav|female|বলার সময়
audio/0a410b965a.wav|female|শ্রমিকদের ন্যায্য মজুরি
audio/0a412ea86e.wav|male|পূর্ব শত্রুতার জের ধরে
audio/0a414e1c7f.wav|male|মোগল সৈন্যরা হজরত আলীর 1 অনুসারী ছিল, তারই নামানুসারে এ জায়গার নাম রাখা হয় আলীকদম, যা এখনো প্রচলিত।
audio/0a4150a152.wav|female|জবাব আসে নি
audio/0a41f7c9a2.wav|female|আবেদনের সুযোগ রয়েছে
audio/0a425f55e3.wav|female|নদীয়া জেলার একটি শহর
audio/0a427873e3.wav|female|এক্ষেত্রে আমরা
audio/0a42cb2c74.wav|male|চলতি পথে সাধারণ মানুষের 1 বিষয়টি দেখার জন্য প্রশসানের সহায়তাও চাওয়া হয়েছে তাদের পক্ষ থেকে।
audio/0a435ab76d.wav|female|অধিকংশ ক্ষেত্রেই ভুক্তভোগিরা কোন 1 আশ্রয় নেয় না।।
audio/0a43bbacd1.wav|female|নকিয়া এক্স এল
audio/0a43bdd582.wav|female|2013 সালের নভেম্বরের
audio/0a43d2a852.wav|male|উৎসাহ কারিয়ে ফেলেন
audio/0a43fa76ba.wav|male|এ ধরনের গুজব
audio/0a440fddff.wav|female|খোঁজার চেষ্টা করেছেন
audio/0a44353c87.wav|female|মৌসুম শেষে
audio/0a4436385e.wav|male|এক নজর দেখার জন্য
audio/0a44501cca.wav|male|মাথা তুলে দাঁড়িয়েছে
audio/0a4462ac3b.wav|male|এমন আধুনিক চিকিৎসাবিজ্ঞানী
audio/0a449e40c1.wav|male|এই সংকট
audio/0a45342005.wav|female|ভিন্ন ভিন্ন কৌশলে এগোচ্ছে
audio/0a456db108.wav|male|লাট সাহেব
audio/0a458b8ecd.wav|male|পিডিবির কোনো ভূমিকা নেই
audio/0a45f43d96.wav|female|মিছিলের চরিত্র
audio/0a4602b383.wav|female|মামলাটি নিষ্পত্তি না হওয়া 1
audio/0a468969a0.wav|female|রাসূল সা. বলেন
audio/0a46ae5b3c.wav|male|যেখানে রাহা তার বন্ধুকে
audio/0a46ee545e.wav|male|বাড়িতে আসার দিন
audio/0a47113624.wav|male|টঙ্গীর শিল্পাঞ্চলে
audio/0a4747f08d.wav|male|নায়িকা সংকট
audio/0a4749b988.wav|male|এমন জায়গায় এসে
audio/0a47506927.wav|female|ললিপপ
audio/0a482565f0.wav|male|জুতা জোড়াটি
audio/0a48541736.wav|female|জনসংখ্যার ঘনত্ব
audio/0a48b2ac7f.wav|male|মস্ত কালো
audio/0a490c817f.wav|female|সখি ভালবাসা কারে কয়
audio/0a495174af.wav|female|ধর্মীয় সন্দর্ভসমূহ লেখা হতে 1
audio/0a49d1827f.wav|female|আপিলের সার সংক্ষেপ
audio/0a49d7c8da.wav|female|ওজনের উপর
audio/0a49dadaf3.wav|female|দূর করা যায়
audio/0a49ea6ebc.wav|female|জনগণের সেন্টিমেন্ট
audio/0a4afaecf7.wav|male|এরূপ উদাহরণ
audio/0a4b7dcde9.wav|female|শিমুল ইসলাম তনু
audio/0a4b97c4ff.wav|male|শাহাবুদ্দিনের নাম
audio/0a4ba3e9a9.wav|male|দীর্ঘদিন ধরে চলছে
audio/0a4c37ba58.wav|male|দেশের পরাধীনতা
audio/0a4c3cdba8.wav|male|গল্পটা লিখে ফেলে
audio/0a4d26380b.wav|female|টিভিতে সরাসরি সম্প্রচার করা 1
audio/0a4d2e89c1.wav|female|বাংলাদেশ সংবাদ 71 নামে
audio/0a4d8b701a.wav|male|তিনি তিনটি ছবি
audio/0a4db231dc.wav|female|অল্পকাল-পরবর্তী হইলেও
audio/0a4dfffa71.wav|female|তৈরী করা হয়
audio/0a4e4c5f5d.wav|female|ওই ব্যাটাকে
audio/0a4e7dcf9a.wav|female|অনেক সময় সেশনজটের কারণে
audio/0a4f1f19c2.wav|female|গ্রানাদাকে হারিয়েছে
audio/0a4f425cd2.wav|female|শ্রীলঙ্কা
audio/0a4f7d18ff.wav|female|মডেল-অভিনেত্রী পুনম পান্ডে
audio/0a506a8a4f.wav|male|ক্রমাগত পড়ে যাওয়ার মাধ্যমে
audio/0a50874153.wav|male|যেমন নির্ধারণ করা হয়েছে
audio/0a50a098ac.wav|male|আমি কেয়ারটেকার সরকার ব্যবস্থা
audio/0a50e9bafe.wav|male|কলিং বেলের সুইচে
audio/0a51b1f266.wav|male|পরিচিতি তৈরি হয় তাঁর
audio/0a51cc6637.wav|male|ইঁহাদিগের ভাষা সংস্কৃতানুসারিণী হইলেও
audio/0a52afdfc6.wav|male|তিন প্রভাবশালী দেশ
audio/0a52dfa620.wav|female|চলাচলা করতে পারে না
audio/0a52e78423.wav|female|ত্বকের যত্ন
audio/0a533992ec.wav|female|আগ্রহী হলেন
audio/0a53985651.wav|male|যেসব ঘটনা ফেঁদেছেন
audio/0a53bffe76.wav|female|কেননা পুরো ব্রাজিল তাকিয়েছিল
audio/0a53d0cbee.wav|male|নানির গা থেকে
audio/0a542514d5.wav|female|মঞ্জুর বর্তমান ভবিষ্যত
audio/0a5454ef52.wav|male|আলোচিত হচ্ছে
audio/0a54a5d95e.wav|male|অভিনয় করতেন
audio/0a54fcf0ef.wav|male|সঙ্গে আমার
audio/0a552dd3f6.wav|female|হাতের দুটি আঙুল
audio/0a5553f0f1.wav|female|তাদের মধ্যে তৃতীয়
audio/0a55689c38.wav|male|ক্ষতি খুব
audio/0a567f21ef.wav|female|জনি ও সাইদুলকে ঘিরেই
audio/0a56e44923.wav|male|কোয়েল মল্লিক
audio/0a57b3f6fe.wav|male|ডাক্তার-বন্ধু
audio/0a57fd4598.wav|female|শালীনতার সংজ্ঞা
audio/0a5838b38a.wav|female|কিন্তু খরার সময়ে
audio/0a58abfa8c.wav|male|সেখানে প্রায় 3000 লোক 1
audio/0a58fdd28a.wav|male|ঝুমার বিভিন্ন স্থানে যাওয়ার 1
audio/0a5915776d.wav|female|ফেনীর সোনাগাজী উপজেলার
audio/0a5933dc2b.wav|female|বিদ্যুৎ কেন্দ্র ব্যয়বহুল
audio/0a59468f84.wav|female|পুলিশের বিশেষ শাখার
audio/0a597ec569.wav|male|বর্ধিত ঋণ সুবিধার
audio/0a59af36bf.wav|male|ঘড়িটির কাঁটা
audio/0a59eefffd.wav|male|প্রথম রাজ্য হিসেবে
audio/0a5a1687aa.wav|male|তার মনের
audio/0a5a5bf4ec.wav|male|অ্যাকটিভিশন ব্লিজার্ড
audio/0a5a7ff7cb.wav|male|কয়েকটি ঐতিহাসিক ঘটনার আলোকচিত্র
audio/0a5a89fc7d.wav|female|বাস্তবায়ন করা যায়নি
audio/0a5ab5e2d3.wav|female|সকাল ৬টা থেকে
audio/0a5ac1f9b1.wav|male|যার ধারাবাহিকতা
audio/0a5ba4da3d.wav|male|দেখা যাবে টেলিছবি
audio/0a5bc034cb.wav|female|এক ডুবন্ত তরীতে
audio/0a5c012618.wav|male|দর্শকদের মন জয় করার 1
audio/0a5c14f8ae.wav|male|কিংবা ক্ষেত্রবিশেষে৩প্রাণদণ্ডও প্রদান৩করা হয়ে 1
audio/0a5c3515f9.wav|female|মুরাদের গরিবি ঘুচে যায়
audio/0a5cdf674e.wav|female|তা থেকে সে আগে
audio/0a5d897831.wav|female|তালগাছ আমার
audio/0a5dd6e08e.wav|female|নিয়ন্ত্রণ হারিয়েছে রাজ্য কর্তৃপক্ষ
audio/0a5ec69622.wav|male|প্যারেড গ্রাউন্ডের নির্ধারিত অংশটি
audio/0a5ece31b1.wav|male|এখন আর যেতে চান 1
audio/0a5ef68fe5.wav|female|তবে তার অবস্থা
audio/0a5f1a55dc.wav|male|দেখতে পাবেন না
audio/0a5f6fb188.wav|female|পথ বেছে নিয়েছে
audio/0a60565a69.wav|male|আমার পেছনে দাঁড়িয়ে
audio/0a607e76a4.wav|female|এবারের আসরের চমক
audio/0a608946c2.wav|male|ঝড়ের তান্ডবে
audio/0a60a7ae61.wav|female|অন্যের সম্মুখে
audio/0a614355b3.wav|female|এক খণ্ড প্রকাশিত হইতে 1
audio/0a615077e9.wav|female|10 কল্কি সর্বশেষ অবতার
audio/0a6153a73d.wav|female|দ্রুত ফল পেতে
audio/0a620046ee.wav|male|বহিষ্কার করা উচিত
audio/0a62ff2989.wav|female|খবর দিয়েছে বার্তা সংস্থাগুলো
audio/0a63818742.wav|female|1942 সালে
audio/0a639254be.wav|male|পরপর কয়েকবার দিয়ে
audio/0a64115b25.wav|female|লঞ্চটি ঢাকার উদ্দেশ্যে
audio/0a64848995.wav|female|লাশ ঘরের খেতরে রেখে
audio/0a64a5b48c.wav|female|ইসলামী সংগীত
audio/0a653d57c5.wav|female|আলোচনা হয়েছে
audio/0a65a4b4d7.wav|female|বিভিন্ন এলাকার
audio/0a65e58e6b.wav|male|এরপর আর
audio/0a66db2541.wav|female|প্রয়োজনীয় স্বাক্ষ্য, উপাত্তের
audio/0a67943f81.wav|male|90 দিনের মধ্যে
audio/0a688c7ebc.wav|male|বিসিবির সাবেক পরিচালক
audio/0a68c5bf2e.wav|male|অবসর নেন
audio/0a68dd4f6e.wav|male|কোনো সমস্যা নেই
audio/0a692d3f26.wav|male|স্ত্রী হওয়ার গৌরবে
audio/0a6958628f.wav|male|আজ হাজার বছর
audio/0a69f1f633.wav|female|বুকের যতগুলো হাড়
audio/0a6a235c75.wav|female|আবুল কাশেম মাস্টারের
audio/0a6a388721.wav|male|একটা নীল বুটিদার শাড়ি
audio/0a6a4de038.wav|female|একটি গোয়েন্দা প্রতিবেদন
audio/0a6a735cae.wav|female|গত 6 এপ্রিল থেকে
audio/0a6a7d8a55.wav|female|চাকরি দেওয়া হয়েছে
audio/0a6a89a5cb.wav|female|নানান প্রসঙ্গে
audio/0a6ba3aeed.wav|female|প্রধানত ইতালি রনাঙ্গন
audio/0a6c547fe8.wav|female|বন্ধুদের কাছ থেকে
audio/0a6cedda0b.wav|male|তারা আকাশ পর্যবেক্ষণ ক্যাম্প 1
audio/0a6d928565.wav|female|মোহন
audio/0a6e9cfb99.wav|male|সেখানে অনন্ত জলিল এই 1
audio/0a6ea2b4c8.wav|male|ডেয়ারিং লাভার
audio/0a6eac9894.wav|male|এ গল্প নিয়ে
audio/0a6f2e7e32.wav|female|রকমারি
audio/0a6f73af48.wav|female|কিন্তু অধিকার
audio/0a6fa5956f.wav|male|জন্ম দেবেন
audio/0a6fbb3f25.wav|male|ফেসবুক হ্যাকিং
audio/0a6fcdfd06.wav|male|মেশাতে হবে
audio/0a6fe906ba.wav|female|এখানেই সৃজনশীলতার পরিচয়
audio/0a704a41f6.wav|male|ব্যাপক চাঞ্চল্যের সৃষ্টি হয়েছে
audio/0a7070cd0d.wav|female|পূর্বাচল প্রকল্প
audio/0a70f6416f.wav|female|মতান্তরে অন্তরীণ
audio/0a70f88dfc.wav|male|শপথ পড়াবেন রাষ্ট্রপতি
audio/0a7171b9cd.wav|female|শ্রমিকরা তাদের আয় দিয়ে 1 পরিবার চালান।
audio/0a71a98fe4.wav|female|বেইজিংয়ের উদ্দেশ্যে
audio/0a7206c69e.wav|female|পরিচিতি পেয়ে আসছেন
audio/0a723a183b.wav|male|বিচারাধীন রয়েছে
audio/0a737cafd4.wav|male|সরু তাকের মত একটা 1
audio/0a7457179c.wav|male|গাম
audio/0a7530f641.wav|female|একটি বাটি বা বক্সে 1
audio/0a7543c70e.wav|female|চকোলেট এসেন্স 1 চা-চামচ
audio/0a75b4809a.wav|female|স্থায়ীভাবে শান্তিনিকেতনে
audio/0a76928968.wav|male|আবিষ্কার করেছি
audio/0a7775653e.wav|male|সাজু যেতেই হবে
audio/0a77a80aa9.wav|male|বেশ সময় লেগে যায় 1
audio/0a780e02c6.wav|male|সরকারি বাহিনীকে সহায়তা করছে
audio/0a7865700d.wav|female|ফেটতে থাকুন
audio/0a786ee60c.wav|male|সাপখেলা দেখানোর সময়
audio/0a78fa5f3c.wav|female|গ্রহণ করে নি
audio/0a79982828.wav|female|হোয়াইট হাউজ
audio/0a79b5b4a5.wav|male|পিতা কেমন দেখে নাই
audio/0a7a3e9935.wav|female|ভালবাসার লাল গোলাপ
audio/0a7a722ee6.wav|female|পার্বত্য,দ্বীপাঞ্চল ও হাওড় এলাকায়
audio/0a7b04ae07.wav|male|মিষ্টি দই
audio/0a7c4c6cc2.wav|female|আমির খান সম্পর্কে
audio/0a7cbd5179.wav|female|জ্ঞান বুদ্ধি
audio/0a7ce1a990.wav|male|জাতিসংঘ ইরানকে জানানো আমন্ত্রণ
audio/0a7e150860.wav|male|পরতেন হাঁটু-জোকা ধুতি
audio/0a7e27ae5e.wav|male|হতাশ শাবনূর
audio/0a7e68766f.wav|female|সাংবাদিকদের বিভিন্ন প্রশ্নের
audio/0a7e709de9.wav|male|বিশেষ ধরনের মজাদার
audio/0a7e7a7002.wav|female|সাহিত্যের পক্ষে ইহার অপেক্ষা
audio/0a7f21f9b4.wav|female|তৎপর হয়ে ওঠে
audio/0a7f396fb5.wav|female|আমি আশা করি
audio/0a80249096.wav|female|চালক নিয়ন্ত্রণ হারিয়ে ফেলে
audio/0a8201ac7c.wav|female|না মরে নাই
audio/0a824e0b81.wav|female|এবং বিষয়টি অবশ্যই
audio/0a82f3b278.wav|female|বিমান যুক্ত হবে
audio/0a8310272d.wav|female|যদিও বিশ্বকোষে
audio/0a83255f5f.wav|male|অনেকেই জানেন যে
audio/0a8331718a.wav|female|২৭তম সংস্করণ প্রকাশিত হয়েছে
audio/0a8396ddf2.wav|female|ইজতেমা মাঠ
audio/0a83e00b8f.wav|female|পরে দেয়া হবে বলে
audio/0a845907be.wav|male|যেখানে যুক্তরাষ্ট্র
audio/0a84746bae.wav|female|তারা একটি মিছিল করে
audio/0a84a95400.wav|female|ম্যাজিস্ট্রেট এক দিনের
audio/0a8506ab46.wav|male|রাষ্ট্রীয় সম্মান
audio/0a850ffbf7.wav|female|প্রত্যাহার করতে পারবে
audio/0a8523e6d2.wav|male|এর কিছুদিন পরই তারা
audio/0a85695b5a.wav|female|আশঙ্কাজনক হারে বাড়ছে
audio/0a85f455df.wav|female|ফাঁড়ির দরজা- জানালা
audio/0a8645fe6f.wav|female|করিল যে দ্বন্দ্ব
audio/0a86a56061.wav|female|মাথার ওপর দিয়ে
audio/0a86d6fa7d.wav|female|দেশটির সেনা প্রধান স্থানীয় 1 রাত 10 থেকে ভোর পাঁচটা পর্যন্ত কারফিউ বলবত রাখার আদেশ দেন।
audio/0a8730912b.wav|female|নির্মিত হয় এ মসজিদ
audio/0a875a1fee.wav|female|তত্ত্বাবধানে ওক্তাবিও পাজ
audio/0a878d4e62.wav|male|রান্না করা
audio/0a879e2981.wav|female|কিন্তু দুর্যোধনের গদাযুদ্ধে
audio/0a87ec6db7.wav|male|কেঁপে উঠল
audio/0a8880d7a0.wav|male|এরা আধুনিকতার
audio/0a88c75b8b.wav|male|কলা কুশলীরা
audio/0a897e091f.wav|female|গত শনিবার সকাল থেকে
audio/0a8a83aa55.wav|female|দ্বারকায় নিয়ে যান
audio/0a8aa08d8d.wav|male|এক বা একাধিক
audio/0a8b2ffafc.wav|female|আমেরিকার কঠোর আপত্তি রয়েছে
audio/0a8b92d351.wav|female|যখন কোন অপরাধমূলক কর্মকান্ড
audio/0a8baa04ca.wav|female|বিবেক
audio/0a8c61215e.wav|male|মহীশুরে বিনা শুল্কে
audio/0a8cc80326.wav|male|লেগে যায় গরু-হাটের ভিড়
audio/0a8d458a65.wav|female|সন্দেহভাজন হামলাকারী খোকন
audio/0a8e23d551.wav|female|এটাই মনে হয়েছে যে
audio/0a8e884de6.wav|male|নিজেদের জনপ্রিয়তা প্রমাণের
audio/0a8ee2848d.wav|male|পরিশোধ করছেন মূল্য
audio/0a8f2db5dd.wav|male|তবে এবার হলিউডের
audio/0a8fbfb098.wav|male|ছোট থাকতে
audio/0a8ff865f6.wav|male|এখনো চলে যায়নি
audio/0a9017e971.wav|male|উচ্চ বিদ্যালয়ের সামনে
audio/0a9022e547.wav|male|যুক্তরাষ্ট্রের পেশাদার প্রমীলা
audio/0a90f829e1.wav|female|তাহার দোষ গুণ আমরা
audio/0a914f180d.wav|female|হত্যা মামলা দায়ের করা 1
audio/0a916efb05.wav|male|অর্থ সম্প্রসারণ ও পরিবর্তন 1
audio/0a91d40f1b.wav|male|দর্শকপ্রিয়তা থাকায়
audio/0a91df19ce.wav|male|ভাইরে সুবল
audio/0a91f4c155.wav|female|অনেক অণুজীবকে
audio/0a92374098.wav|male|বাংলাদেশ 1973 সালে
audio/0a92678492.wav|female|ঠুনকো কারণে
audio/0a933968b2.wav|male|অন্যজন বাস ফেলে
audio/0a936c5127.wav|female|লেখাপড়া করতে পারতাম
audio/0a93887c93.wav|female|কালিদাসবাবুর উপর
audio/0a94555faf.wav|male|পরিশোধ করা কথা বলেছে
audio/0a94d63cb7.wav|female|209 দিন ধরে
audio/0a9583b5ef.wav|male|লাইব্রেরীর মাধ্যমে
audio/0a962b41f8.wav|female|এক নারী
audio/0a965766e7.wav|male|তোকে দিয়ে
audio/0a977b24aa.wav|female|আমায় আশীর্বাদ করে চলে 1
audio/0a97949561.wav|male|শুধু আল্লাহকে মানলে
audio/0a97be39ab.wav|male|যারা ধূমপান ছেড়ে দেয়
audio/0a98267358.wav|male|আগুন নিবাইতেছে
audio/0a9849d3ec.wav|male|শিক্ষিত মাস্টার ও ছাত্রদের
audio/0a988922ac.wav|male|বিচারকাজ শেষ হবে
audio/0a9902aab7.wav|male|কীভাবে আছে
audio/0a991a821c.wav|female|এ সমস্যা হবে বলে
audio/0a991ba6db.wav|male|অবকাঠামো যেমন বেশ দুর্বল
audio/0a9a2dbb03.wav|female|মঙ্গলবার দুপুরে
audio/0a9a9cd969.wav|female|এসব নিয়ে প্রতিনিয়ত
audio/0a9be75b0d.wav|male|যিনি নানাভাবে সমৃদ্ধ করছেন
audio/0a9ce70076.wav|female|কোন কাজ করতে
audio/0a9d397f7e.wav|female|আমার বহু আগে ভারতচন্দ্র
audio/0a9db51aa4.wav|male|কাজ বন্ধ থাকে
audio/0a9e66899b.wav|female|আমাকে পুরোদস্তুর
audio/0a9f09d4b8.wav|female|গড় তাপমাত্রা 37 ডিগ্রি 1
audio/0a9f3ecf93.wav|male|ব্যাঙ্গালোর থেকে
audio/0a9f685049.wav|female|তাঁদের কাছে বড় কথা
audio/0aa0db2fe2.wav|female|চাকরির নামগন্ধ নেই
audio/0aa129d9d0.wav|female|কর্মসূচি নিয়েছিল
audio/0aa1532f40.wav|male|মাছ কাটার জন্যই
audio/0aa204148c.wav|male|দিয়ে দিয়েছি
audio/0aa20424fc.wav|male|জনসংখ্যা হল 16397 জন
audio/0aa2351651.wav|female|হোটেলে রেজিস্ট্রারে লেখা অনুযায়ী
audio/0aa3496baa.wav|male|বা প্ল্যান্ট প্রটেকশন বিভাগে
audio/0aa462c556.wav|female|অর্থ ব্যয় করছে
audio/0aa487d10a.wav|female|তোমায় আমায় মিলে
audio/0aa50e2fc9.wav|male|বোলার কর্তৃক
audio/0aa55bd8ad.wav|female|বর্ণনা অনুসারে
audio/0aa5aaaf97.wav|female|বিভিন্ন রাজনৈতিক দলের নেতারা
audio/0aa61c4ce0.wav|female|কপালে বিন্দু আঁকিয়া দিবেন
audio/0aa694ffe3.wav|male|কিন্তু বাকি যাত্রীদের বিষয়ে
audio/0aa7202a5a.wav|female|দাবী মাসুমের
audio/0aa7d9000d.wav|male|ভূমি সমস্যার সমাধান বিলম্বিত 1 কারণে প্রত্যাশিত উন্নয়নও ব্যাহত হচ্ছে।
audio/0aa7f0a5ed.wav|female|নামাজ পড়তে আসার সময়
audio/0aa8419c20.wav|male|যেকোনো কাজে
audio/0aa84fb754.wav|female|তিনি কালীগঞ্জ উপজেলার
audio/0aa8a827f0.wav|female|নয়তো অন্য কোনও
audio/0aa901066f.wav|female|চিরদিনই তুমি যে আমার
audio/0aa92f71d7.wav|female|যান চলাচল শুরু হয়েছে
audio/0aa9bcc973.wav|female|মি: কেনিয়াত্তা অনুরোধ করলেও
audio/0aaa1095b1.wav|male|এ দেশিরাও তাই বলে
audio/0aaa966bc8.wav|male|পুতুল, রূপন্তি
audio/0aaae1e6b5.wav|female|গেইলকে প্যাভিলিয়নে পাঠান
audio/0aab6400b8.wav|male|দিন-রাতের
audio/0aab89a537.wav|male|পূজ্য পুরোহিতে নৃপ
audio/0aabc847d8.wav|female|গুগলকে অবহিত করা হয়েছিল
audio/0aac836828.wav|female|সবমিলিয়ে এ সপ্তায়
audio/0aad031bfd.wav|male|এয়ার কুলার
audio/0aad4eea15.wav|male|মাসুল দিতেও দেরি হয়নি
audio/0aadb348e6.wav|female|প্রধান পর্যটনকেন্দ্র
audio/0aadf4d045.wav|male|এবার আর এ নিয়ে
audio/0aaeed00f2.wav|male|বিদ্যাধ্যয়নের জন্য
audio/0aaef63f2b.wav|male|লেখকের মনোভঙ্গিতে
audio/0aaf9912b6.wav|female|একদমই দেখা যায়নি
audio/0aafe3a881.wav|female|দোকানপাট বন্ধ করে দেয়া 1
audio/0ab018ece6.wav|male|নিজের দেশের স্বার্থ দেখবে
audio/0ab045b8de.wav|male|আমি বাধ্য হব
audio/0ab091c841.wav|female|তবে এসব বক্তব্য
audio/0ab130ec56.wav|female|জীবনের কবিতা
audio/0ab14a6525.wav|male|চাহিদা অনুযায়ী
audio/0ab264827a.wav|female|আইভিয়ান সার্কোজ
audio/0ab32f4d2b.wav|female|স্থানীয় প্রশাসনের দায়িত্ব
audio/0ab3332dc2.wav|male|বিক্ষোভ তীব্র হওয়ার পর
audio/0ab4319272.wav|male|বেলজিয়ামের প্রাণহীন
audio/0ab4baf91b.wav|male|প্রাণী জগত
audio/0ab5598e60.wav|female|শিল্প-বিভাগের সভাপতি
audio/0ab56147b2.wav|female|সেই সাথে বেড়েছে
audio/0ab5981c54.wav|female|পাত্রীর বান্ধবীরা কন্যার বাড়িতে
audio/0ab5bbf426.wav|female|কেউ কেউ আমার কাছে
audio/0ab5bdba36.wav|female|আমাদের নেত্রীর চেহারা দেখুন
audio/0ab62c1a34.wav|female|অন্তত আজ না হলেও
audio/0ab7273308.wav|male|আসলটা তো উঠে আসা
audio/0ab743daa8.wav|male|ছেলে ডিসিপ্লিন মানে না
audio/0ab7bdfde8.wav|male|বাংলা হাদিস
audio/0ab805c022.wav|male|ফেনীর নাইজেরীয় ফরোয়ার্ড
audio/0ab81f54b7.wav|male|আমার বাবা ওদেরকে বলতেন
audio/0ab87257b7.wav|female|মাঠের যত গরু
audio/0ab8c89541.wav|female|সাকিব-ববি জুটির প্রথম ছবি
audio/0ab8e7e605.wav|female|লাভের গুড়
audio/0aba024229.wav|female|সফটওয়্যার হিসেবে
audio/0aba0a880c.wav|female|8 মার্চের ফাইনাল হবে
audio/0aba2e3913.wav|male|পরের কথা বললো
audio/0aba4baf5c.wav|male|আমি বারবার
audio/0aba6881b6.wav|female|মহা তৃপ্তির ব্যাপার
audio/0aba995414.wav|female|সজনী
audio/0abae7c694.wav|female|এছাড়াও অসমে নাগা পিজিন 1
audio/0abb1f3bb1.wav|male|সহজ ভাষায়
audio/0abb64bb63.wav|female|অল্প সময়ের মধ্যেই
audio/0abba106dd.wav|male|শীত মৌসুমে
audio/0abbfa901d.wav|female|তারা আমাদের স্বার্থের কথা
audio/0abc1de657.wav|male|তবে বড় ভালো হয়
audio/0abc264723.wav|female|এই টাকার সংস্থান করেছে
audio/0abc26f294.wav|male|বাকি ছয়জনকে
audio/0abc45ab01.wav|female|অক্ষুণ্ন রাখতে সক্ষম হয়
audio/0abcfa66ad.wav|male|ক্ষুদ্রতম মহাদেশ
audio/0abd11911b.wav|male|জয়ললিতাকে তৃতীয় ফ্রন্টে চান
audio/0abd5189af.wav|female|সাহিত্য সাধনা বোধ হয়
audio/0abdb7513b.wav|male|54 বছর বয়সে মারা 1
audio/0abe4404de.wav|female|এবং 1964 সালে
audio/0abf185396.wav|male|বেপরোয়া হয়ে উঠেছে
audio/0abf4ad1be.wav|female|দিন রেখেছেন হাকিম
audio/0ac03e28ae.wav|male|অধ্যায়ে আছে
audio/0ac11ffed2.wav|female|গ্রামীণ ব্যাংক কেবল সরকারকে
audio/0ac26e9c4a.wav|female|ভেজাল থাকলে
audio/0ac292b394.wav|male|পরে রাত্রি আগত হইবে
audio/0ac32ce7a8.wav|female|একদিন বৃষ্টিতে বিকেলে
audio/0ac33013f5.wav|male|কি নিয়ে ভাবছেন
audio/0ac471d79f.wav|female|ষোল সতেরো বছর বয়সী
audio/0ac51ae794.wav|female|পুলিশের কাছে ধরা দিয়ে
audio/0ac53ea924.wav|female|এবং আরো প্রায়
audio/0ac544e0c7.wav|female|ইন্ডিয়ানা জোনসের
audio/0ac5ccf0ea.wav|female|উপকরণ আছে
audio/0ac5e616b2.wav|female|মাজেদা নামের এক মেয়ে
audio/0ac6739160.wav|male|কাজ করার জন্য
audio/0ac73467a5.wav|female|বিজ্ঞাপণদাতাদের নিকট থেকে
audio/0ac7ae6346.wav|male|অজস্র কর্মী ও তাঁদের 1
audio/0ac7ff22ae.wav|female|এমন কিছু করা হয়তো
audio/0ac80cf253.wav|male|রাজনীতি
audio/0ac81e63a6.wav|female|তিনি কীভাবে
audio/0ac85d66b1.wav|female|10 গুণ বেশি
audio/0ac871054b.wav|male|80 লাখ টাকা ব্যয়ে
audio/0ac8b2a454.wav|female|বিপিএল
audio/0ac9402087.wav|female|ইউরোপের দেশগুলোতে
audio/0ac97a848d.wav|male|উল্লেখিত ছবি তিনটিও
audio/0ac9e636db.wav|female|যে ধারা চলছে
audio/0aca5fb217.wav|female|অফিস কক্ষ রয়েছে
audio/0aca61581a.wav|male|রায় হবে
audio/0acaa17c3a.wav|female|প্রশাসনিক ভবন খোলা থাকলেও
audio/0acaac6223.wav|male|যৌবনের প্রথম প্রহরে
audio/0acb5528f9.wav|male|দিনের আলোর মতো
audio/0acb8170ed.wav|male|একটি মহল
audio/0acbab01bb.wav|female|কাজটা সময়মতো
audio/0acbfe439d.wav|female|ঢামেকের মর্গে রাখা হয়েছে
audio/0acda6bf07.wav|female|হোটেল টি-টাউন
audio/0acdb64566.wav|female|ও অন্য ধর্মের
audio/0ace6f7758.wav|male|দাঁতে দাঁত ঘষা
audio/0aced50796.wav|male|এক বাংলাদেশিকে
audio/0acef50840.wav|female|এখন প্রতি কেজি
audio/0acf30d2ac.wav|female|সবার প্রথমে প্রয়োজন
audio/0acf4d7c8d.wav|male|ঘনিষ্ঠ সহযোগী
audio/0acf6baa18.wav|male|কার্ডের ব্যবহার শুরু হলেও
audio/0acf7f2f4d.wav|female|বনের ভিতর দিয়ে
audio/0acf842f78.wav|female|সব সমপিয়া
audio/0acfb30fb6.wav|male|বাড়ীতে তিনি তামাক রাখেন
audio/0ad0391122.wav|female|পুনরায় বসে
audio/0ad053800b.wav|male|অভিজ্ঞতা রয়েছে তার
audio/0ad0a177a1.wav|female|জার্মানি, চীন ও জাপানে 1 মাইলের বেশি গতির ট্রেন আবিষ্কৃত হয়েছে।
audio/0ad0ae8d08.wav|male|দর্শক তাকে
audio/0ad1008793.wav|female|কারও সঙ্গে একটা ফ্ল্যাট
audio/0ad1396cf1.wav|female|সঠিক সংস্কৃতিচর্চা থেকেও
audio/0ad13e126d.wav|male|স্টুডেন্ট অফ দ্য ইয়ার
audio/0ad19b516a.wav|female|তাহলে আমি কি জোর 1
audio/0ad1caa7ae.wav|male|৫ই এবং ৬ই মে
audio/0ad1e188b0.wav|male|পদত্যাগের পরপরই
audio/0ad1e3c323.wav|male|বাদামের দোকান বসে গেল
audio/0ad1e94677.wav|female|শ্রীমঙ্গলের দিকে
audio/0ad22d3e30.wav|male|জগৎ সরকার থানায় এসে
audio/0ad2997eb4.wav|female|তিনি লিখলেন
audio/0ad30f4f0a.wav|female|পাকিস্তানি বাহিনীকে
audio/0ad33149f5.wav|female|ইন্টারনেটে রায় পাওয়া গেছে
audio/0ad386f0e2.wav|male|পরে একে একে
audio/0ad45d6e96.wav|male|হোয়াইট হাউজে এক বিবৃতিতে 1 ওবামা বলেন ইউক্রেনের ভেতর রাশিয়ার সৈন্যদের আনাগোনার খবরে তিনি গভীরভাবে উদ্বিগ্ন।
audio/0ad46069ca.wav|male|7 ফেব্রুয়ারি পর্যন্ত
audio/0ad4653e8d.wav|female|মুগ্ধ এবং অনুপ্রাণিত হন
audio/0ad4a9f6db.wav|female|একটি সাধারণ ডায়েরি করেছে
audio/0ad571f1d6.wav|male|হাতে ধরা পড়ে
audio/0ad57ca253.wav|female|বিষয়টির প্রতিবাদ করে
audio/0ad57d9dbe.wav|female|দুই গ্রুপের মধ্যে
audio/0ad67798ff.wav|male|সুনন্দা পুষ্কর তরুর
audio/0ad6b96005.wav|male|ইয়ে জাওয়ানি হ্যায় দিওয়ানি’তে
audio/0ad7657b80.wav|female|সব উদ্যোগ গ্রহণ করেছে
audio/0ad7e964ff.wav|female|ভয় পায়
audio/0ad80185a9.wav|female|কারখানাটিতে আগুন লাগে
audio/0ad8314cf0.wav|male|রুহুল আমিন বলেন
audio/0ad83f283d.wav|female|এখন উন্নতির চেষ্টা করা
audio/0ad85aa935.wav|female|চারটি শহরেই নিরাপত্তা ব্যবস্থা
audio/0ad8c62108.wav|female|অভিযোগ দাখিল করা হলে
audio/0ad8c9a71f.wav|female|নির্যাতনের অভিযোগ নতুন নয়
audio/0ad9b3cd4c.wav|female|নানা ধরনের পিঠে
audio/0ada0669d8.wav|female|অধিকাংশ সময়
audio/0ada1f6bea.wav|female|ওসমান
audio/0ada1f6fbd.wav|male|গোসিনি ও ইউদেরজো
audio/0adaa65fbc.wav|male|লিচু গাছ
audio/0adb5c5fa7.wav|male|সমালোচকদের মন
audio/0adba53ff9.wav|female|আমাদের একেবারে আশা নেই
audio/0adbc84a36.wav|male|দুনিয়া
audio/0adc441961.wav|male|যিনি বললেন ঠাণ্ডায় তাঁদের
audio/0adc5c317d.wav|male|তবে এই সময়ের মধ্যে
audio/0adc6564b8.wav|female|তাদের নিয়ন্ত্রনে নেই
audio/0adc6f7abb.wav|male|বাবার কথায়
audio/0adc9db26c.wav|female|বিশ্ব ব্যাংক ঋণ বাতিল 1 অন্যান্য দাতা সংস্থাগুলো সময় বাড়িয়ে তাদের অর্থায়ন বহাল রেখেছিল।
audio/0adc9f1f5e.wav|female|সাফায়েত ফারাইজির বয়স 28
audio/0adca15afb.wav|female|তুলে ধরেছেন তারা
audio/0add0877b3.wav|female|চাঁদ ঘুরছে
audio/0add48edb9.wav|male|পুরোটাই রাজনৈতিক ইচ্ছের ব্যাপার
audio/0add6e9cab.wav|female|রানা প্লাজা ধসের
audio/0add915eab.wav|female|কবি নজরুলের
audio/0addbc2c6e.wav|male|সন্ত্রাস বা চাঁদাবাজি করে
audio/0ade083027.wav|male|কেবল খাবার সময়
audio/0ade1ffd9e.wav|female|মাসের পারফরমেন্স নিয়ে যখন
audio/0ade8130a1.wav|female|মামলায় আসামিপক্ষে
audio/0adee4fbd2.wav|male|জখমের চিহ্নও পাওয়া যায়নি
audio/0adf7e8282.wav|male|জানুয়ারি ও ফেব্রুয়ারির দুই 1
audio/0adf8db423.wav|male|মাথার বালিশ
audio/0adffbf749.wav|female|ফোঁস-ফোঁস করে
audio/0ae0091dee.wav|female|আইফোন নির্মাণের জন্য
audio/0ae04057c9.wav|female|তৃতীয়ত হজরত মুহম্মদ নিজে
audio/0ae127476d.wav|male|পুরোপুরি ধান কাটা
audio/0ae14ed7f5.wav|male|উদ্ভিদে এরকম ফুল হয়
audio/0ae154ef82.wav|female|16 ও 17 ফেব্রুয়ারি
audio/0ae1a686ec.wav|female|বিরাজনীতিকরনের কারন হতে পারে
audio/0ae1ac24c0.wav|female|অলিভ রিডলে টার্টল
audio/0ae1d793b8.wav|female|বিশ্বের সবচেয়ে কম মজুরি 1 দেশে তার একটি বাংলাদেশ।
audio/0ae1d86265.wav|female|12 পদের তরি তরকারি
audio/0ae22be21b.wav|male|ছবি আঁকা সম্পর্কিত
audio/0ae22dbe37.wav|female|শনিবার সন্ধ্যা পর্যন্ত
audio/0ae242297e.wav|male|মৃত সাগর
audio/0ae2bd3fbf.wav|male|সে কথাটা তুল না
audio/0ae347e99b.wav|male|পাও নাই
audio/0ae3ebd976.wav|male|রাঙ্গুনিয়া থানার ওসি
audio/0ae4433ef4.wav|male|যদিও এতে
audio/0ae48b9062.wav|male|ইহাতে বুঝা যায়
audio/0ae4f5dd20.wav|male|ইরান ও লিবিয়া
audio/0ae4fe8da4.wav|male|পরিচয় নিশ্চিত করা
audio/0ae50ce925.wav|male|লাতিন ভাষায় ইউলিসিস
audio/0ae57e2186.wav|male|বুড়িগঙ্গায় গণ-গোসল করেন
audio/0ae5f6cccf.wav|male|আনুষ্ঠানিক স্বীকৃতি দিল
audio/0ae64155e0.wav|male|অমল বোস
audio/0ae6de7ba0.wav|female|একদিন ছেলে হয়ে গেছে
audio/0ae6f1fe12.wav|female|জেলা আইনজীবী সমিতির নেতারা
audio/0ae7915b0b.wav|male|হাজার হাজার বিদেশি পর্যটক
audio/0ae79f8d3b.wav|female|অ্যাডোবি কোম্পানি
audio/0ae8c693f9.wav|male|দাঁত মেলে আর চুল 1
audio/0ae9cbde17.wav|male|বস্তু অন্তর্লিখিত আছে
audio/0aea1fe815.wav|male|খেলে গেল
audio/0aea745367.wav|female|তত্ত্বাবধায়ক সরকার ছাড়া
audio/0aea7e098e.wav|male|পৃথিবীর নানা দিকেই
audio/0aea85b4f0.wav|male|আমরা যাঁরা বরিশালের
audio/0aeb9016e9.wav|female|ভোটকেন্দ্রের মাটে
audio/0aebdf13bb.wav|female|চীনের আন্তর্জাতিক
audio/0aebeedf8c.wav|male|জয়নালের বাবা হাতেম মাতব্বরের
audio/0aec53ebab.wav|female|পুরুষের সব গুণ রয়েছে
audio/0aec5d4459.wav|female|সুভাষ মুখোপাধ্যায়, নীরেন্দ্রনাথ চক্রবর্তী
audio/0aecc95105.wav|female|বরিশালের মানুষের মধ্যে
audio/0aed17bbcb.wav|female|আমি ফোন রাখলাম
audio/0aed1944ed.wav|female|হৃতিক রোশন
audio/0aed2c8193.wav|male|জীব
audio/0aed3d837f.wav|male|আমি খুব আনন্দিত
audio/0aedf1f2ee.wav|male|দ্বিতীয় বৃহত্তম এ মিলন 1
audio/0aee482e1b.wav|female|সাংঘর্ষিক হচ্ছে না
audio/0aeea4067b.wav|female|একজন রম্য গল্পকার
audio/0aeeb65011.wav|male|ভীষণ ইমোশনাল সে
audio/0aef3928a3.wav|female|কোন আইনগত
audio/0aef58fcf0.wav|female|এসব কেবল
audio/0aef67337f.wav|female|বদলে গেছে গোটা পরিবেশ
audio/0aef8c6e83.wav|female|বসেছিলেন বিছানায়
audio/0af07312bd.wav|female|পরিষ্কার করার সময় পায়
audio/0af0bc5a63.wav|male|অল্প কয়েকটি হলে
audio/0af12dfaf6.wav|male|দৃষ্টিশক্তি হারিয়ে
audio/0af13a74d5.wav|male|নাচের মুদ্রা, সুরের মূর্ছনা
audio/0af13d5bf9.wav|female|তাদের অধিকার সম্পর্কে
audio/0af16d0107.wav|female|বহু সিনেমার নায়ক
audio/0af17203ab.wav|male|বড়া ভাজতে হবে
audio/0af3949408.wav|female|তবে ভিসার সাক্ষাতকারের সময়ে
audio/0af3e6bdc1.wav|female|থেকে ১৯শে এপ্রিল, 1958
audio/0af40ce0f7.wav|male|চার পুরুষ ধরে
audio/0af4920a9f.wav|female|পুলিশের বাঁধার মুখে
audio/0af4ab4e5e.wav|female|প্রেসিডেন্ট পুতিন
audio/0af523e15b.wav|male|তজ্জন্য বিশেষ ঋণী
audio/0af585ed32.wav|female|তাদের বক্তব্য তুলে ধরেছেন
audio/0af59830c3.wav|female|আর একটু বেশি
audio/0af5b4019a.wav|female|4 লাখ টাকা জরিমানা
audio/0af62e45ea.wav|male|ভরা গালের সৌন্দর্য
audio/0af6b92317.wav|male|এবারের ঈদে
audio/0af6c39fdb.wav|male|হুমায়ুন কবির
audio/0af756ba1f.wav|male|পেয়েছেন শাবনূর
audio/0af75ac367.wav|male|হাটুর ব্যাথা
audio/0af7c58f76.wav|female|তিনশো বছর আগেকার
audio/0af7dd4435.wav|female|দম্পতির সঙ্গে দেখা করবেন
audio/0af80e3a03.wav|female|সোনার শুকের সঙ্গে
audio/0af846d41e.wav|male|অভিমান উথলে ওঠে যখন
audio/0af847dbe2.wav|male|ভাষা ও বিষয়বস্তুর কারণে
audio/0af8500a7a.wav|female|ধর্মেরও নাই
audio/0af866b909.wav|female|22 দিন কারাগারে
audio/0af86f21a5.wav|female|বিমল তা প্রকাশ করবে
audio/0af9904962.wav|female|কাজটি তারা করতে চান
audio/0af9967915.wav|female|এই নিয়ম জারী করে
audio/0afa29ba09.wav|male|লড়াই করছে
audio/0afa3b8342.wav|male|আর কোন ভারতীয় ভাষাতেই
audio/0afa5090da.wav|female|ম্যাচ পরবর্তী সংবাদ সম্মেলনে
audio/0afadbf76d.wav|male|সিদ্ধিরগঞ্জ থানা
audio/0afaf245c6.wav|female|চাকরির পত্রিকা
audio/0afb40e971.wav|male|প্লাটিনাম এবং মাল্টি প্লাটিনামের
audio/0afba0b6e4.wav|female|জিজ্ঞেস করার পালা
audio/0afc23f76a.wav|male|বাংলা অভিধান
audio/0afc31b368.wav|female|তাঁরা লোকায়তিক চিন্তাধারা সম্বন্ধে
audio/0afc5323da.wav|female|মাহবুবুল হক শাকিল উপস্থিত 1
audio/0afc681e4b.wav|female|গল্পে দেখা যায়
audio/0afc6876b6.wav|female|বার্তা
audio/0afc9426aa.wav|female|অনেকে মোবাইল ব্যাংকিংয়ের মাধ্যমে
audio/0afce7f30e.wav|female|তিনি শুধু ক্ষমতা চান
audio/0afd3e79a4.wav|male|কেউই রেহাই পায়নি
audio/0afd66dc29.wav|female|স্থানীয় সাংবাদিক নাসিরউদ্দীন জানাচ্ছেন
audio/0afda654a5.wav|male|আমাকে পেছনে রেখে
audio/0afdef008e.wav|female|করাতে গিয়ে
audio/0afdfcff28.wav|female|টাইম ম্যাগাজিনের বিচারে
audio/0afe9ea593.wav|male|নিগৃহীত ছিলেন
audio/0aff2a4692.wav|male|সে আমি নই
audio/0aff3d48d2.wav|female|মনে হতো না
audio/0aff8a4fd4.wav|male|বাদ পড়লো আলজেরিয়া
audio/0affa13479.wav|male|ফাষ্টডে কভার
audio/0b00997765.wav|female|পশ্চিম দিকের
audio/0b009b7385.wav|female|বিস্মিত করেছিল
audio/0b00eae393.wav|female|অনুগ্রহ প্রকাশ করা
audio/0b012025b4.wav|female|নিজের গল্প থেকে
audio/0b012139fc.wav|male|টেন্ডার থেকে নিয়োগ
audio/0b01387a19.wav|female|চিত্রলিপি থেকে
audio/0b020fb522.wav|male|ভয়াবহ ঘটনার পর
audio/0b021fa485.wav|female|এ রকম পরিস্থিতিতে
audio/0b028c4c80.wav|male|নির্বাচনে জনমতের প্রতিফলন ঘটে 1
audio/0b029e5576.wav|female|কাগুজে বাঘ
audio/0b02a9e95b.wav|female|বাংলাভাষীদের নিকট
audio/0b02da8cd1.wav|female|ট্রাইব্যুনালের হাজতখানা থেকে
audio/0b0334af23.wav|female|গুলশান থানায় একটি মামলা 1
audio/0b03ac39dc.wav|male|মর্গে পাঠানো হয়েছে।
audio/0b03e4411e.wav|female|সাহাবউদ্দিনকে দেখতে
audio/0b043937c7.wav|female|কোনও দেশের ছবি
audio/0b04678d5a.wav|male|পোলাও
audio/0b04e1ba01.wav|male|তিনি পরে
audio/0b0507fa9f.wav|female|জিএইচ আরজু
audio/0b05e6c7a5.wav|female|মুদ্রা সংরক্ষণের
audio/0b05ea847c.wav|female|পুনম সিনেমা হলের সামনে
audio/0b0663d328.wav|male|ঘরজামাই
audio/0b069e3b4d.wav|male|এল আর বি-র শিল্পীরা 1
audio/0b06b424b1.wav|female|2 পৃষ্ঠার ছোট্ট লেখাটি 1
audio/0b06c6200e.wav|male|দিন দিন সুনাম
audio/0b075a8785.wav|female|ইলিয়াস আলীসহ
audio/0b078a1f95.wav|female|থাইল্যান্ডে কয়েক সপ্তাহ ধরে
audio/0b07d65da2.wav|male|মোট ৩৭টি বৈধ
audio/0b0850ab9f.wav|male|হামলায় পুলিশসহ অন্তত
audio/0b08648813.wav|male|শিক্ষাবিদ নাজমা জেসমিন চৌধুরী
audio/0b086775cb.wav|male|দেয়ালে ঝোলানো চিত্রকর্ম
audio/0b086ca92d.wav|male|সেই লোহিতে
audio/0b08aee04a.wav|female|সংবিধান অনুযায়ী রাষ্ট্রপতির পদ 1 হওয়ার তিন মাসের মধ্যে নতুন রাষ্ট্রপতি নির্বাচন করতে হয়।
audio/0b08d7edec.wav|female|নগরীর সবকটি পয়েন্টে
audio/0b08eb7d90.wav|male|মা আপন মনে আঙুল 1
audio/0b09d59fa5.wav|female|অনেক সফলতার কথা
audio/0b0a1d6ed6.wav|male|সেলসিয়াস বা ঢিপি থেকে
audio/0b0a78e148.wav|male|এমন একটি অনুষ্ঠানে
audio/0b0abd49ad.wav|male|সাহিত্যজগতে সবচেয়ে বেশী পরিচিত
audio/0b0b1d684a.wav|male|অবশিষ্ট ক্রিমে
audio/0b0b5e5560.wav|female|প্রসিকিউশন
audio/0b0bd0948a.wav|female|সন্তানের মৃত্যু শোকে
audio/0b0c29c5db.wav|male|বাংলাদেশ ও ভারত যৌথ 1 বাগেরহাটের রামপালে 1320 মেগাওয়াট ক্ষমতার কয়লা বিদ্যুত কেন্দ্রের ভিত্তি স্থাপন করা হয়েছে।
audio/0b0c7f0f23.wav|male|কী ধরনের বংশগত রোগ
audio/0b0c899b3f.wav|male|ইংরেজি গান গাইতে গাইতে
audio/0b0cd01b15.wav|female|খতিয়ে দেখছে
audio/0b0d03d76b.wav|male|ভূমি নিয়ন্ত্রণ
audio/0b0d12c952.wav|male|মানসিক রোগ
audio/0b0d348223.wav|female|কেন দেশে আসার পর
audio/0b0d834e6b.wav|male|এটা মনগড়া একটা রায়
audio/0b0e55e9ea.wav|male|থাই রয়েল নেভির একটি 1
audio/0b0f495e32.wav|female|ভারত থেকে ট্রাক এসে
audio/0b0f8aa9a1.wav|male|সর্বাংশে মানবতাবিরোধী
audio/0b0f8f3741.wav|female|এ বিষয়ে দর্শনে
audio/0b10261a5c.wav|male|কর্মরত আছেন
audio/0b10774544.wav|female|বাঙালি সংস্কৃতির মৌলকেন্দ্রে
audio/0b10aec648.wav|female|লেখার নামকরণ-শিরোনামও অনুল্লেখ্য
audio/0b10be6920.wav|male|রাজ্যের রাজধানী
audio/0b10d5dbbe.wav|male|যাতে অন্যের প্রশংসা শুনে 1
audio/0b11259393.wav|male|অনলাইনে ভোটাররা
audio/0b1160271d.wav|male|তার এ সাফল্য
audio/0b11a0c165.wav|male|সিরিজ দিয়ে
audio/0b12fa182c.wav|female|সবচাইতে জনপ্রিয় হচ্ছে ড্যান্ডি
audio/0b130229a3.wav|male|প্রযুক্তি প্রতিষ্ঠান
audio/0b1396e698.wav|female|মন্ত্র
audio/0b139b408e.wav|male|বাড়িতে কেউ ঢুকলেই বলত
audio/0b1496b269.wav|male|এবারের নিরাপত্তা পরিস্থিতি
audio/0b1550592b.wav|male|স্থূলতার জন্য
audio/0b15735246.wav|female|এতে করে
audio/0b15ef27b2.wav|male|টান
audio/0b168e7139.wav|female|চাল উৎপাদন হবে
audio/0b168ecf61.wav|female|সাধারণত ফরমালিন দেওয়া
audio/0b16d14b5f.wav|male|অর্থ তহবিল জোগাতে
audio/0b1774404a.wav|female|যুক্তরাষ্ট্রের সিদ্ধান্তে
audio/0b185be4eb.wav|male|শহুরে মেয়েকে
audio/0b18e849af.wav|female|নজরুলের কাঙ্ক্ষিত
audio/0b19dd4eeb.wav|female|জবানবন্দী রেকর্ড করেন
audio/0b1ae69b25.wav|female|তাদের কারো কারো ঝোঁক
audio/0b1af2b61a.wav|male|প্রকাশিত কয়েকটি সংবাদে
audio/0b1af92b47.wav|male|ঢাকা-আরিচা মহাসড়কের পাশে আট-তলা 1 রানা প্লাজা বুধবার সকালে ধসে পড়ে।
audio/0b1b2d3aa3.wav|female|আমি ভাবিয়া চিন্তিয়া স্থির 1
audio/0b1c3188ab.wav|male|শ্রদ্ধা জানায়
audio/0b1c9419a6.wav|female|বিদেশি নাগরিক
audio/0b1d26dee4.wav|female|তেমনই নিন্দা জানিয়েছে
audio/0b1d493776.wav|male|আরম্ভ করেন
audio/0b1d4c328b.wav|female|কথা বলিতেছি না
audio/0b1d5c2d15.wav|female|গালেও টোল পড়ে
audio/0b1d70d4b1.wav|female|প্রশ্ন করে
audio/0b1d8ba34e.wav|female|ফুল ফুটেছে
audio/0b1da4e08b.wav|male|তিনি ছিলেন সরকারের প্রস্তাবিত
audio/0b1e188756.wav|female|শেষ নিঃশ্বাস
audio/0b1e4fe5d6.wav|female|বিষয়টি পর্যালোচনা করে
audio/0b1e9027a7.wav|female|সংসারটা চলে
audio/0b1e99ca55.wav|female|জানিয়েছেন সৌদি আরবে
audio/0b1eaf1c52.wav|male|ফিরে যেতে চায়
audio/0b1f0be010.wav|female|আউটের আবেদন
audio/0b20355e2d.wav|male|স্তরের নাম হচ্ছে আলোকময় 1
audio/0b206ec0b2.wav|male|নন্টে ফন্টে
audio/0b2138460b.wav|male|নাম দিয়েছিল স্প্যানিশ সাহারা
audio/0b21e04835.wav|female|মাঝি
audio/0b220a20d1.wav|male|তাঁহার প্রিয় শিষ্য জ্ঞানদাস
audio/0b224e7185.wav|female|ছেলের ওপর
audio/0b22636fca.wav|male|এ বিষয়টিকে
audio/0b233b8ac9.wav|female|কোন তথ্যাবলি প্রদান না 1
audio/0b237b7082.wav|female|বিশিষ্ট লেখক
audio/0b23c83a41.wav|male|অ্যাডোবি এনকোর ডিভিডিতে
audio/0b23cc5bee.wav|female|করুনাময় দাশগুপ্ত
audio/0b24216110.wav|female|তাদের কথা হয়
audio/0b242a71d5.wav|male|খানিক দূরে যায়
audio/0b2437b6dc.wav|female|অনুষ্ঠানে সব বিষয়ে
audio/0b246c4649.wav|male|বিমান সংখ্যা বাড়িয়েছে যুক্তরাষ্ট্র
audio/0b24ec1287.wav|male|মুখ তুলিয়া চাহিলেন
audio/0b2533adab.wav|female|চাঁদ ও মঙ্গল গ্রহের
audio/0b259847f0.wav|male|ফাঁকা আওয়াজ মাত্র
audio/0b25b3c864.wav|female|সেসব এলাকার ব্যবসায়ীরা
audio/0b268a21c4.wav|male|ব্রণ হলে
audio/0b26906e0c.wav|female|পিসিবি প্রধানের দায়িত্ব পালন
audio/0b274538fc.wav|female|হাসনা বেগম স্বপ্না ঘটনা 1
audio/0b2793535f.wav|female|ভয়ে বয়ে প্রাণ উড়ে 1
audio/0b27a3ee60.wav|male|ভারী যন্ত্রপাতির
audio/0b27b352d9.wav|female|আমাদের দাবি আদায়ে
audio/0b27b5bed5.wav|male|তেল অনুসন্ধান প্রকল্পের
audio/0b283ea677.wav|female|পাঁচ দিনের মাথায় এসে
audio/0b28887b72.wav|male|অনেকটাই আড়ালে চলে যান 1
audio/0b28edf4e4.wav|female|তখনও আইনশৃঙ্খলা রক্ষাকারী
audio/0b296b2ebc.wav|female|শিশুটি রক্তাক্ত অবস্থায় বাড়িতে 1
audio/0b2a43393d.wav|female|চলাফেরা করতাম
audio/0b2ab486bd.wav|female|পাঠানোর নির্দেশ দেন
audio/0b2ac27eb9.wav|male|বিতর্কিত নির্বাচনের ভোটগ্রহণ
audio/0b2aeccd38.wav|female|সবজি, মসলা, মরিচ, হলুদ
audio/0b2b4455de.wav|female|দূরে রাখতে পারেনি
audio/0b2b52776a.wav|male|সে-ই একমাত্র কর্মচারী
audio/0b2bba1ea9.wav|female|অবতীর্ণ হইয়াছিলেন
audio/0b2c72980e.wav|female|জাতীয় ক্রিকেট স্টেডিয়ামে
audio/0b2c78e97c.wav|male|এমন সময় হঠাৎ খবর 1
audio/0b2d1d7feb.wav|female|নিয়মিত ছাত্রদের ক্লাসের কোন
audio/0b2d2bd3f0.wav|female|মাঝামাঝি জায়গায়
audio/0b2d434e41.wav|female|শেষ সীমায় অবস্থান করছিল
audio/0b2e012e19.wav|male|একদিন ছেলের মধ্যে
audio/0b2e6820bd.wav|female|চেষ্টা চালিয়েছেন বলেও
audio/0b2e84dc8c.wav|female|জিতে যাওয়ায়
audio/0b2e88bb35.wav|female|সান্ধ্য কালীন কোর্স
audio/0b2eca9cfd.wav|female|দিনের আলোর মতো
audio/0b2ecb601c.wav|female|তাই বলে ভাববেন না
audio/0b2f0ef0b7.wav|female|এরপরই রয়েছে
audio/0b2f7c3557.wav|female|বৌদ্ধ মন্দিরগুলির একটি
audio/0b2fbbb4cc.wav|male|ব্যস শুরু হলো
audio/0b2fcc2c69.wav|female|পেশাগত জীবনও শুরু করেন
audio/0b2fced4ba.wav|female|যদি চিন্তা করে
audio/0b300f1279.wav|male|45658 গোলে
audio/0b30437d86.wav|female|ইদি আমিন
audio/0b304cce19.wav|male|তবে এর বাইরে আরও
audio/0b30d8e89b.wav|male|প্রাচীন ভারতবর্ষে কেবল
audio/0b3112e9f0.wav|male|ওপেন সোর্স অনেক সফটওয়্যার 1
audio/0b31a895a8.wav|female|একেক সময় একেক জায়গায়
audio/0b31e7e17a.wav|female|এখন জামিনে আছেন
audio/0b32438e4b.wav|female|আকাশের চাঁদের দিকে
audio/0b32c2c18a.wav|female|গত বছর পর্যন্ত
audio/0b32c49705.wav|female|দ্বি-পাক্ষিক সফর নির্ভর করবে
audio/0b32d1a7fd.wav|female|পণ্য হিসেবে দেখানো হয়
audio/0b337d494d.wav|male|এরপর এবারই
audio/0b33c5db57.wav|male|আসামিরা অক্ষত
audio/0b33e00b44.wav|female|দেশের বিভিন্ন শিক্ষাপ্রতিষ্ঠানের
audio/0b34334e79.wav|female|কোথাও কোথাও চেষ্টা হয়েছে
audio/0b34655c18.wav|female|লবণ-হলুদের সঙ্গে
audio/0b34a6af0b.wav|female|তিনি এসব প্রস্তাব ঘোষণা 1
audio/0b34d68065.wav|male|জবাবে 32 বলে 42 1
audio/0b34f4f0d5.wav|male|কিন্তু আমি নিশ্চিত
audio/0b34f72461.wav|female|এগিয়ে রয়েছে
audio/0b3603b9a7.wav|male|পুলিশ দুজনের মৃতদেহ
audio/0b3684b937.wav|female|ভয় পাওয়ার কিছু নেই
audio/0b368ac226.wav|female|জেলার 20 লাখ মানুষ
audio/0b37c00651.wav|male|ভুল সংশোধনের পর
audio/0b387a1d9e.wav|male|তিনি রাশিয়ার প্রতি আহ্বান 1
audio/0b3898bed0.wav|female|গরিবেরা এমনভাবে মুখ বিকৃত 1
audio/0b38d14a6b.wav|female|প্রতিক্রিয়া দেন
audio/0b38fc9485.wav|female|কবিতা তার
audio/0b3965ad22.wav|male|সাবেক পরিদর্শক
audio/0b3978507c.wav|female|কিসমত কে ভিসাল চার 1
audio/0b39b2ce08.wav|male|মোবাইল ফোন সার্ভিস
audio/0b39b34aa8.wav|female|গানটি তুমুল জনপ্রিয়তা
audio/0b39c6a7b1.wav|male|মূল প্রসঙ্গে
audio/0b3a82d34a.wav|male|সেগুলো এখন কোন পর্যায়ে
audio/0b3ab8b6a9.wav|female|মূল উপজীব্য করে
audio/0b3acfa853.wav|female|হান্নান শাহ বিবিসি বাংলাকে 1
audio/0b3b56587e.wav|male|ওই কবিতাটি ছিল
audio/0b3be9d46d.wav|female|স্থানীয় নেতৃত্ব
audio/0b3bf61985.wav|female|কী করে
audio/0b3c001133.wav|female|তার স্ত্রীর ঠাঁই হচ্ছে
audio/0b3c24b398.wav|female|টি-২০ বিশ্বকাপে বাংলাদেশের প্রথম 1 আফগানিস্তানের সাথে।
audio/0b3c32555c.wav|female|সবচেয়ে বেশি বিক্রি হয়েছে
audio/0b3cec0ae2.wav|male|ঘুমাব কীভাবে
audio/0b3cf003a5.wav|female|ও চাঁদের বুড়ি গো
audio/0b3cfd026e.wav|male|এ সময় পাশে ছিলেন
audio/0b3d1d733c.wav|male|যে আচরণ করেছিল
audio/0b3d2b2e88.wav|male|নিযুক্ত হয়েছিলেন
audio/0b3d2e2f09.wav|female|সমাজ সংস্কারক
audio/0b3d3285d9.wav|male|খেলার ধরনটা
audio/0b3e03fc5d.wav|female|পুলিশের কথাও হয়েছিল
audio/0b3ebc2f50.wav|female|সভা শেষে
audio/0b3ef2f5e2.wav|male|আমরা জানি যে
audio/0b3f1c2dbc.wav|male|কাল বিকেল চারটায়
audio/0b3f6572f6.wav|male|এমন থরথরিয়ে কাঁপত
audio/0b410d641d.wav|female|দুটি পাণ্ডুলিপি থেকেই
audio/0b413647b8.wav|male|আমরাও ব্যস্ত হয়ে পড়ি
audio/0b41aaf05d.wav|female|আগে এর প্রতি গ্রামের
audio/0b42077dbd.wav|male|মাহফুজের ছেলেটি
audio/0b42b9ff6c.wav|male|মীনা কার্টুন
audio/0b436b0024.wav|female|যেখানে স্থূলতা
audio/0b43a11444.wav|male|অবাধ নির্বাচন হয়
audio/0b43ea03a8.wav|female|তবে অন্য দেশের নাগরিকরা
audio/0b43efb3ad.wav|female|ঝিকমিক করে ওঠে
audio/0b43f86092.wav|female|এই দিনে আমরা
audio/0b4433135e.wav|female|এক মাস মেয়াদের
audio/0b44385d2d.wav|female|স্থানীয় সংসদ সদস্যের
audio/0b4458485b.wav|male|আমাদের কাছে মনে হয়
audio/0b44bdb380.wav|male|মায়া
audio/0b4525ed1e.wav|male|যৌক্তিকতা ও বাস্তবতার ভিত্তিতে 1 রক্ষা করে যেখানে করা যায় সেখানেই এ কেন্দ্র করা উচিত।
audio/0b457fa840.wav|female|সাত-আট কিলোমিটার পথ বাসে
audio/0b479a29ee.wav|female|ঘটে দ্বিতীয় বিস্ফোরণ
audio/0b47a8e487.wav|male|এসব দেশের তরফে
audio/0b47c8dd3a.wav|female|সর্বজন-বোধগম্য ভাষা হইতে
audio/0b47d495a2.wav|female|ওজন বাড়ানোর উপায়
audio/0b48980bdb.wav|female|গিজগিজ করছে
audio/0b496d2d2e.wav|male|তাই মহাকর্ষ
audio/0b49ba42b2.wav|male|এ ধরনের পারস্পরিক সম্পর্ক 1
audio/0b4a0c76f7.wav|female|তাসমানিয়া, ভিক্টোরিয়া
audio/0b4acd33d0.wav|male|নমরুদ
audio/0b4affeeef.wav|female|করার জন্য খুলে দেয়া 1
audio/0b4b7fa423.wav|female|তারপর এত দিন অজ্ঞাতবাসে 1
audio/0b4c1a5444.wav|female|ডাকা হয়
audio/0b4c7a6022.wav|female|দুই দিন পর
audio/0b4ca3aef8.wav|male|সকাল থেকেই কোচবিহার কেন্দ্রের 1 প্রান্ত থেকে ছোটখাটো সহিংসতার খবর আসতে থাকে।
audio/0b4cd14af0.wav|male|কামাল লোহান
audio/0b4d2d621e.wav|female|বেশ কয়েকটি তথ্যচিত্র
audio/0b4e56d03d.wav|male|মধ্য-সমুদ্রের গাঢ় নীলিমায়
audio/0b4e80f392.wav|female|এটা মনগড়া একটা রায়
audio/0b4ea6e756.wav|male|ঝুঁকি নিলেন অন্য রকমের
audio/0b4ef300ff.wav|male|মানবাধিকার সংস্থার ৭ম মহাসচিব
audio/0b4ef78de4.wav|male|অক্টোবরের হিসাব
audio/0b4fbe6ee7.wav|male|কলকাতার শিল্প-সাহিত্য
audio/0b4ff62dd6.wav|female|হুমায়ুন ছিলেন
audio/0b501bc3a3.wav|female|রওনা হয়েছিলেন শাহ আলম
audio/0b50267ba2.wav|female|কতটা প্রাসঙ্গিক
audio/0b505c33e8.wav|female|পারি কি না
audio/0b5077ed61.wav|female|কেমোথেরাপি, টিকা
audio/0b50c1b5c4.wav|male|চারপাশে ছড়ানো জীবন
audio/0b50e9aa8e.wav|male|আগামী 10 নভেম্বর
audio/0b519d672b.wav|female|রবীন্দ্রসঙ্গীত অ্যালবাম
audio/0b51b5fc47.wav|male|সবাই ট্রিট দিয়ে দেয় 1
audio/0b52f71b5a.wav|male|কিছুক্ষণ পরই ঘটে দুর্ঘটনা
audio/0b52f9ba8a.wav|female|আভাস দিয়েছিলেন যে
audio/0b52fd8022.wav|male|ইউক্রেইন সীমান্তে
audio/0b5303328d.wav|female|১১টি গুলির খোসা
audio/0b5353411a.wav|female|বিশেষজ্ঞদের অনেকে
audio/0b5363d5fb.wav|male|আমি তো চিনি ওদের
audio/0b54084b26.wav|male|মহাড়কে গাড়ি ভাংচুর
audio/0b5501f865.wav|male|সাংবাদিকদের বিভিন্ন প্রশ্নের
audio/0b55612e00.wav|female|সেন্সর নিয়ে
audio/0b569255c3.wav|male|বড়বাবুর গল্প শুনিয়া
audio/0b56c64d2f.wav|female|এতে আমার নায়িকা নিঝুম
audio/0b570d0aa1.wav|female|যুদ্ধের সময় তিনি
audio/0b5711f3d8.wav|female|ইতোমধ্যে আমনের নতুন চাল
audio/0b572301b7.wav|female|যা-ই ঘটুক
audio/0b574ab9f2.wav|male|মি. মুঈনুদ্দীন
audio/0b57ce3a40.wav|female|সরকার পদক্ষেপ নিয়েছে
audio/0b584f30ce.wav|female|এছাড়া মুক্তিযুদ্ধের
audio/0b58949635.wav|male|মেয়েদের ম্যাগাজিন পড়ে
audio/0b589f3f88.wav|male|আর সেখানে
audio/0b58cf8e1a.wav|female|আগে পর্যন্ত
audio/0b5930590c.wav|male|অন্য দুটি নিবন্ধ হলো
audio/0b59b682af.wav|male|প্রধান আন্তর্জাতিক বিমানবন্দরটি অবস্থিত
audio/0b5a0dc531.wav|male|শুধুমাত্র আমেরিকা
audio/0b5a7502ee.wav|female|সেই উত্তরীয় পরে
audio/0b5a9402cd.wav|male|বেশ কয়েকজনকে
audio/0b5a99f02c.wav|male|সেই খরচ
audio/0b5aa03715.wav|male|অধ্যক্ষ শিক্ষা প্রতিষ্ঠানের
audio/0b5ae04460.wav|female|আমন্ত্রণ পেয়ে সেখানে আছেন
audio/0b5b2cfb7d.wav|male|বেশিক্ষণ পইরা থাকলে
audio/0b5b6d345c.wav|male|শাহনাজ পারভীন
audio/0b5b7cbfaf.wav|female|অ্যান্টিগুয়ার প্রতিনিধিত্বমূলক
audio/0b5bce02d6.wav|female|অস্বীকার করা যায় না
audio/0b5c7bd873.wav|male|ম্যারাডোনা
audio/0b5cc05017.wav|female|জাফর ইকবাল উপন্যাস
audio/0b5cf7142b.wav|female|1941 সালে
audio/0b5e1111f5.wav|male|যার অর্থ কয়লা
audio/0b5e1ec1c9.wav|female|তারপর বিচার করে
audio/0b5e48ec63.wav|female|রিজভী তার অবস্থানে থেকে
audio/0b5f9431b8.wav|female|এত কি আমাদের দরকার
audio/0b60a47b77.wav|male|অন্যান্য দুষ্কর্মের মধ্যে
audio/0b614a10ee.wav|female|আর কোনো কাজ হয় 1
audio/0b616bdda4.wav|male|আচরণবিধির লঙ্ঘন করছেন
audio/0b618e748f.wav|female|এই কমিটি
audio/0b619823f7.wav|male|আবিষ্কার করার
audio/0b61a695aa.wav|male|মেঘনার পানি ছিল
audio/0b61c67852.wav|male|পরাইতে পারেন
audio/0b61e587a9.wav|female|নববর্ষ পালনের জন্য
audio/0b62062334.wav|male|এই পরিসংখ্যান তুলে ধরেছেন
audio/0b62ddc856.wav|male|সংগঠনের কর্মী
audio/0b63814807.wav|female|অস্ত্রোপচার করা হয়েছে
audio/0b63929cf4.wav|female|একজন মুক্তিযোদ্ধাকে
audio/0b63cd6783.wav|female|গণভবনে দাওয়াত দিয়ে
audio/0b64112fd6.wav|female|লোকটি আমিরুল্লাহ নন
audio/0b643a4c72.wav|female|পোস্টমাস্টারের রতন
audio/0b643ccecd.wav|female|নিউট্রন তারা
audio/0b645d8fba.wav|female|অযোধ্যায় রাজা ছিলেন
audio/0b64679cc2.wav|female|এ কারণে পরবর্তী ছবির 1
audio/0b64e96ccf.wav|female|তার সব কাজ শেষ 1
audio/0b654a44d0.wav|male|ওয়াশিংটন শহরের কেন্দ্রস্থলে
audio/0b65605b0b.wav|female|হয়ত কোনদিন জনপ্রিয় হবেও 1
audio/0b65725133.wav|male|বাংলাদেশীদের অনুপ্রবেশ নিয়ে
audio/0b657bc075.wav|female|সুদানে মিশনে রয়েছেন
audio/0b65bffb38.wav|male|গোল হয়ে দাঁড়িয়ে থেকে
audio/0b65e4c1a3.wav|female|অভিনয়ের মধ্যদিয়ে
audio/0b66248e1d.wav|female|নির্বাচনের পথ বের করা
audio/0b663800c6.wav|male|জোর গুঞ্জণ চলছিলো
audio/0b66c87637.wav|male|কমবেশি আমরা সবাই জানি
audio/0b67141915.wav|female|তাকে হত্যা করা হয়েছে
audio/0b6804c05c.wav|male|পাতায় পাতায় তুমি
audio/0b68484563.wav|female|এশিয়া কাপের
audio/0b68782762.wav|male|তাহলে কি দিন যত 1
audio/0b6882f59d.wav|male|আবাহনী আর মোহামেডান
audio/0b69e53aae.wav|male|হাঁটুর উপর পর্যন্ত
audio/0b69f22296.wav|female|বার্সেলোনায় অনুষ্ঠিত
audio/0b6a1e26fc.wav|female|কয়েকটি ধাপে
audio/0b6a3b30b9.wav|male|তবে অন্যরকমভাবে
audio/0b6a3d7355.wav|male|অর্ন্তভুক্তি হয়
audio/0b6aaa05ea.wav|female|লালবাগ কেল্লা
audio/0b6b585743.wav|female|নবীনগর উপজেলার
audio/0b6b90bfc8.wav|male|রবীন্দ্রনাথ ও জীবনানন্দের কবিতা
audio/0b6b915ee8.wav|male|উত্তরায় বাসায়
audio/0b6bf08841.wav|male|ডা. শফিকুর রহমান
audio/0b6c86d96a.wav|female|যেহেতু ইংরেজিতে
audio/0b6ceeb720.wav|female|উপেক্ষিত থেকে গেছে
audio/0b6d4a1691.wav|male|হ্যাপিকে নিয়ে হাসাহাসি করতো
audio/0b6d731ab6.wav|female|তাঁর গল্পে
audio/0b6d7d70ac.wav|male|তা থেকেই গোলটি করেন
audio/0b6dc13677.wav|male|আইডি হ্যাক
audio/0b6dd50c37.wav|male|সেই অন্ধকার রাত্রি
audio/0b6e513864.wav|male|রায় এবং শাস্তি ঘোষণার 1
audio/0b6e6314ef.wav|male|অনুগত স্তাবকরা
audio/0b6e8359c6.wav|male|কর্তৃপক্ষ এখনও তা নিশ্চিত 1
audio/0b6ed49690.wav|female|আচরণবিধি লঙ্ঘন হচ্ছে কিনা
audio/0b6ed5ba1a.wav|male|ভলগা গাড়িটি
audio/0b6f962f80.wav|female|অলিম্পিয়ান গেমস
audio/0b6f9fd55e.wav|female|ওপরে উঠতে কষ্ট হয় 1
audio/0b6fca67db.wav|male|আতিকুল আসলাম নিহত
audio/0b6fe98cdd.wav|male|মাছের ঝোল মেখে
audio/0b70465321.wav|female|বিনষ্ট করিবার উপক্রম করিলে
audio/0b7092c23c.wav|female|তলানি-আবর্জনা চলেই আসে
audio/0b70b25761.wav|female|অফিস ভাড়া নেয়
audio/0b710fe502.wav|female|ধর্ষণ একটি যুদ্ধাপরাধ।
audio/0b71c2a20c.wav|female|বাংলা চলচ্চিত্রের সবচেয়ে
audio/0b72048c07.wav|female|অত্যন্ত দক্ষতা
audio/0b72806d63.wav|female|অস্ট্রেলিয়ান সিকিউরিটি এক্সচেঞ্জ হল
audio/0b7287f398.wav|male|তবে বিরোধী দলকে আগে
audio/0b7293d503.wav|female|হতে যাচ্ছেন
audio/0b72b140a6.wav|female|পেট ও হাতে
audio/0b733818f1.wav|male|ওরা তবু টর্চের আলো 1 না
audio/0b74ccf283.wav|female|সফর শুরু হয়েছিল
audio/0b74e053e4.wav|male|আব্দুল্লাহকেও খুঁজে তারা
audio/0b74f990b2.wav|female|কথা বলতে গিয়েছিলাম
audio/0b751e7ca9.wav|female|বিতর্ক থেকে
audio/0b7557154b.wav|female|22 সেপ্টেম্বরের মধ্যে
audio/0b7667b1ac.wav|male|বস্কের দোলাচলে ভাষ্য
audio/0b77256a9e.wav|female|বরাবরই জয়জয়কার
audio/0b7773bc0f.wav|female|বৃদ্ধির প্রবণতা দেখে
audio/0b77822727.wav|female|ভারী
audio/0b77aa8f01.wav|male|জঙ্গীবাদ
audio/0b77e4cfef.wav|female|এ দুজনেই পলাতক রয়েছেন
audio/0b780064fc.wav|male|পাণ্ডবদিগের পিতা সম্বন্ধে যত 1
audio/0b7802a42d.wav|male|কী মিয়া, হাসো ক্যান
audio/0b784d7b3d.wav|female|সম্পাদক: মো. সাহাদাত উল্যা 1
audio/0b79e48363.wav|male|দেয়ালে পিঠ ঠেকে গেছে
audio/0b79f1fc1d.wav|male|নিহত মো. সালামত 45 1 পুলিশের ট্রাফিক বিভাগে কর্মরত ছিলেন।
audio/0b7a679b4c.wav|male|ড্রইংরুমে নিজ কন্যাকে
audio/0b7afbe5c6.wav|male|খুচরা কজন ক্রেতার সাথে
audio/0b7b3e57d9.wav|male|কনস্টেবল এনামুল নূরে আলম
audio/0b7b41048e.wav|female|স্নেহার দেখা মেলেনি বহুদিন
audio/0b7be2e328.wav|female|এদিকে সেনাবাহিনীর
audio/0b7bf28778.wav|female|ঘুরে-ফিরে আসে
audio/0b7c506bc9.wav|female|৬৪টি সাদা-কালো
audio/0b7c65c8f8.wav|male|ডাঙ্গা হইতে
audio/0b7cc11474.wav|female|তিনি এই অবহেলার
audio/0b7d64d7dc.wav|male|সেগুলোর ব্যাপারে
audio/0b7db2eb04.wav|male|অভিভাবকদের মতামতের পাশাপাশি
audio/0b7e2b4349.wav|male|তখনি সম্পাদনা করেছিলেন
audio/0b7e50a3eb.wav|male|তখনই ঘুরে দাঁড়ান
audio/0b7e7cb8d4.wav|male|জ্ঞান-সূর্যালোক বিশুদ্ধ বায়ু হইতে
audio/0b7f9cfcc9.wav|male|তাঁদের দেবত্ব
audio/0b7fb0cb85.wav|male|উড়ে বেড়ায় খোলা বাতাসে
audio/0b7fe4d93a.wav|male|জবানবন্দী রেকর্ড করেন
audio/0b8002752f.wav|female|পুলিশ গিয়ে লাশ উদ্ধার 1
audio/0b8042be97.wav|female|এই ধরনের অপপ্রচার
audio/0b813adb21.wav|male|13 জানুয়ারি থেকে
audio/0b81a11a57.wav|male|অংশ নেয়া উচিত
audio/0b82192335.wav|female|মামলায় জড়ানোর
audio/0b825778f2.wav|male|পাঁচটি গান আছে
audio/0b82a4ea2c.wav|female|এ শুভ কামনায় তিনি
audio/0b83665771.wav|female|এই অনগ্রসর জনসমাজ
audio/0b839b106c.wav|male|তাদের আকাশসীমা
audio/0b83ad6a4c.wav|female|প্রকাশিত হলে
audio/0b84779330.wav|female|পুরুষের প্রতি
audio/0b8482427d.wav|female|গরিবের চেয়েও গরিব মানুষদের
audio/0b84e8e052.wav|male|আল মাহমুদ
audio/0b85a685ec.wav|female|মির্জা আসাদুল্লাহ খান গালিব
audio/0b874cd077.wav|female|যে গোয়েন্দা পরামর্শ দেয়া 1
audio/0b87c99835.wav|female|যে পাথর প্রয়োজন
audio/0b88269d7f.wav|female|ম্যান্ডেলার একমাত্র ছেলে
audio/0b886f0581.wav|female|তবে দেবহাটার
audio/0b88ab15fb.wav|male|আব্দুল্লাহ আল সোয়েব
audio/0b89ca201b.wav|male|পারিলাম না
audio/0b8a38c78a.wav|female|ব্যস্তসমস্ত লোকজন
audio/0b8bed564a.wav|male|পুলিশ গাছের গুড়ি সরিয়ে
audio/0b8bf70d6d.wav|male|পূরণ হবার নয়
audio/0b8c49f3e1.wav|female|গৃহীত হয়
audio/0b8c4fc5d4.wav|male|এইসব অস্ত্রশস্ত্র বার্মা থেকে 1
audio/0b8c8f4c5a.wav|male|চলতি ২০১৩-১৪ অর্থবছরে
audio/0b8c962b9b.wav|female|কী শুট করছি
audio/0b8c9d7575.wav|female|সেতুটির কাঁধে
audio/0b8caaac76.wav|female|ইমরুল-মিঠুনের 220 রানের
audio/0b8cb96e21.wav|female|সরকারের ভাবনা কি
audio/0b8cd8e3fe.wav|female|গ-ইউনিটে
audio/0b8ce0ec31.wav|female|যুক্ত করা হবে
audio/0b8cfebad9.wav|female|অধ্যাপক তালিম হোসেন
audio/0b8d1ff30f.wav|female|প্রতিষ্ঠা করেছিলেন পল স্নাইডার
audio/0b8d4855e3.wav|male|এ ঘটনায় সুমী আক্তার 1
audio/0b8d5f1451.wav|male|তালা বন্ধ রয়েছে
audio/0b8eaea895.wav|female|নাম ঘোষণা করেন
audio/0b8eebe3ae.wav|male|সে কিছুদিন কাটাবে
audio/0b8eee9a58.wav|female|তারপরও পরিস্থিতি বেশ ঘোলাটে
audio/0b8f00ef21.wav|female|সুযোগ সুবিধা পাবার আশায়
audio/0b8f09033e.wav|male|অন্ননালী বা ইসোফেগাস হল
audio/0b8f3de537.wav|female|দাউদ হায়দার
audio/0b8f9be023.wav|male|বিএনপির আইনজীবী
audio/0b8fa35b04.wav|female|সারা ভারত জুড়ে
audio/0b8fdd2d5b.wav|male|বিবিসি বাংলার
audio/0b8ff3e99c.wav|female|বনশ্রী ও পান্থপথ এলাকায়
audio/0b9097df6d.wav|female|বেদ কে প্রণয়ন করিল
audio/0b915369ae.wav|female|সিপিবি সভাপতির মতে
audio/0b9199e790.wav|male|দেয়ালের দিকে
audio/0b91a4e7c1.wav|female|1 কপি স্ট্যাম্প সাইজ 1
audio/0b91aba465.wav|male|খবর জানিনা
audio/0b91cfa067.wav|male|স্থান নিরপেক্ষ নয়
audio/0b9239d327.wav|male|জুতার ভেতরে লুকিয়ে রাখা
audio/0b928c4f2b.wav|male|ঢাকার বিভিন্ন প্রবেশদ্বারে হেফাজতে 1 কর্মি ও সমর্থকরা জড়ো হয়ে অবস্থান নেন।
audio/0b92f8e93d.wav|female|অভিনয় করবেন শিপন
audio/0b9315aadd.wav|male|রোমিও
audio/0b933477f3.wav|female|একটি প্রতিষ্ঠানে
audio/0b93be0298.wav|male|কম করে হলেও
audio/0b93cfe4cb.wav|male|এবারে প্রকাশিত হচ্ছে
audio/0b93e7ce2b.wav|female|ইউনিয়ন পরিষদ
audio/0b944fba0c.wav|female|রবিউল আউয়াল মাসে
audio/0b946fa938.wav|female|সঙ্গী সাকিব আল হাসান
audio/0b94cc57d3.wav|male|পুরোনো পত্রিকাও
audio/0b94e886a4.wav|male|প্রচারণার জন্য
audio/0b94e93ca4.wav|male|চাকরটা বললে
audio/0b959d40b5.wav|female|জন্ম 1920
audio/0b95a20641.wav|male|জানালা দিয়ে ইশারা করে
audio/0b95d82c4e.wav|female|দেশটির বিদ্রোহীরা
audio/0b95da9d7b.wav|female|তিন জনের নাম
audio/0b96746aad.wav|male|কেন, কাজের লোকের ত
audio/0b96808da2.wav|male|গত ২০১২-১৩ অর্থবছরে
audio/0b96dd1ffb.wav|male|মোহন অবাক হয়ে
audio/0b96e9b2b1.wav|female|ক্যামেরুন
audio/0b9773e356.wav|male|অবশ্য এর কৃতিত্ব দিয়েছেন
audio/0b97f2aeee.wav|female|খালের মত একটা
audio/0b98428ebf.wav|female|গুলির আশঙ্কায়
audio/0b98723d71.wav|male|ক্ষিপ্ত হয়ে উঠে বলে
audio/0b9921fa42.wav|male|ভোটগ্রহণ স্থগিত করা হয়
audio/0b993fa6ee.wav|female|আসলে পরীক্ষাটা
audio/0b99c440c5.wav|female|বিশেষ করে ড্যান্ডি নামক 1 ধরনের নতুন এবং সহজলভ্য মাদকে আসক্ত হয়ে পড়েছে এসব শিশুরা।
audio/0b99d27b84.wav|female|শুভর 'অগ্নি' ছবিটি আসছে
audio/0b99eb1196.wav|male|একটা বড় কাজ হয়েছে
audio/0b9a293df4.wav|female|হামলাকারীদের ভয়ে
audio/0b9a6c732e.wav|female|ওয়াল্টার মিটি
audio/0b9b83a2f7.wav|female|মালিকরা বাধা দিচ্ছেন বলে
audio/0b9c329e26.wav|male|যুদ্ধ চালিয়ে যাবেন
audio/0b9cd6f854.wav|female|সৃষ্টি, স্থিতি ও লয়ের
audio/0b9d67f1bb.wav|female|টাকার প্রয়োজন
audio/0b9d84fc76.wav|female|তাদের চোখেমুখে
audio/0b9d94898e.wav|female|কবি নহিলে কবির জন্য
audio/0b9db018ad.wav|male|বাকায়দা ডিপোর্ট ব্যাক
audio/0b9df32d01.wav|female|সত্যিকারের বিজয়
audio/0b9ea55266.wav|female|অন্যদিকে লংমার্চ
audio/0b9ec4bed4.wav|female|তিনি টাকা দেই-দিচ্ছি করে
audio/0b9f17b13e.wav|female|মাছ থেকে ময়লাসহ
audio/0b9f32a40a.wav|male|কারও আশ্রয়ের
audio/0ba074aa04.wav|female|থাকিয়া থাকিয়া
audio/0ba0f86551.wav|male|কয়েকজন আহত হয়েছেন
audio/0ba1c81259.wav|female|একজন কসাই
audio/0ba1dd5102.wav|male|বিচার বহির্ভূত হত্যাকান্ড চলছে
audio/0ba27c9213.wav|male|পশ্চিমের নারীবাদী আন্দোলন
audio/0ba3b2b31f.wav|male|উনবিংশ শতাব্দীর শেষার্ধ থেকে
audio/0ba3b9e0f8.wav|female|কেন হলো না
audio/0ba467cceb.wav|male|অযথা কাউকে
audio/0ba4a57b7c.wav|male|ভার্জিন
audio/0ba4a83c31.wav|male|তাহলো লুটপাটের ঐক্য
audio/0ba509f356.wav|female|সার্বিক অর্থনৈতিক উন্নয়নের ধারা
audio/0ba5160e9a.wav|female|ওই খুঁটির ওপরই ঝোলানো 1
audio/0ba5221aa8.wav|male|থেকে শুরু হওয়া
audio/0ba5dba86b.wav|female|বেলা ১১টার দিকে মন্ত্রী
audio/0ba64ef0a3.wav|male|তিনি সরকারি সংগীত মহাবিদ্যালয়
audio/0ba6e0a324.wav|male|বেকিং সোডা
audio/0ba727a28d.wav|female|সেদিন মরদেহ রাখা হবে
audio/0ba79d1946.wav|female|সাজানো-গোছানো বাড়িটি
audio/0ba7e12e43.wav|male|গলে যেতে পারে
audio/0ba7fa16a2.wav|female|1993 সালে থেকে
audio/0ba81f1507.wav|female|ব্যাচেলর পাওয়া যায়
audio/0ba8b049e1.wav|female|আফ্রিকা মহাদেশের রাষ্ট্র
audio/0ba8bc8f07.wav|female|ভয়াবহ সেই হামলার পর
audio/0ba91cdd17.wav|female|হাইকোর্টের আদেশের অনুলিপি
audio/0ba93f955e.wav|female|প্রায় একশ সদস্যের
audio/0baa6f9444.wav|female|নিতে পারবেন
audio/0bac689329.wav|female|মা আয়েশা বেগম জানান
audio/0bacee89a3.wav|male|প্রতিদ্বন্দ্বিতা করবেন
audio/0bae1efb54.wav|female|ফিফা গেম
audio/0bae7bdaec.wav|male|ঘরের দরজা বন্ধ করে
audio/0baf5ee8e9.wav|male|কারণ একটিই, তাঁর নুনু
audio/0baf7e6358.wav|female|সহিংসতার হুমকি মোকাবেলায়
audio/0baf9a0a7b.wav|male|যেমন মাছ, মাংস
audio/0bafc33aa5.wav|female|অ্যালুমিনিয়াম প্রকৃতিতে
audio/0bb0064ad7.wav|male|বাংলাদেশে যে সহিংসতা হচ্ছে
audio/0bb16399b2.wav|female|সংবাদপত্র ও বার্তা সংস্থাগুলো
audio/0bb1894cc1.wav|female|অনিলের আঁকা
audio/0bb226b35f.wav|female|মিরপুর থেকে আসা সানজিদাক
audio/0bb23d455c.wav|male|প্রভাব সত্ত্বেও
audio/0bb23dc02b.wav|male|ভিতরে বসে
audio/0bb28673ff.wav|female|অজাচার উপন্যাস
audio/0bb38c6ab2.wav|female|আমার নিবাস চট্টগ্রাম
audio/0bb3a30ec6.wav|female|চলতি মৌসুমে সমর্থকদের
audio/0bb3d9a982.wav|female|তবে আমদানি নির্ভর
audio/0bb3e0c5b3.wav|male|সিইউএফএল ও কাফকো
audio/0bb3fd15eb.wav|male|কখনো পাতলা
audio/0bb4035a94.wav|male|আমি কী পেয়েছি বা 1 পাইনি
audio/0bb41373e3.wav|male|গ্লাসগোতে দশটি খেলায় 30 1 ক্রীড়াবিদ অংশ নেবেন।
audio/0bb4aceb1f.wav|male|তাদের নিয়ে
audio/0bb52128be.wav|female|পুরুষদের গম্ভীর নীরবতা
audio/0bb58e9bf8.wav|female|অবশ্য তারা মুখ খোলেননি
audio/0bb5df3e16.wav|male|কিন্তু তার গ্রেপ্তারের দাবিতে
audio/0bb63653ec.wav|male|একই দিন রাতে
audio/0bb6b1e729.wav|female|এদিকে ব্রহ্মশিরা অস্ত্র
audio/0bb6ea5ef1.wav|female|রণবীরের বিয়ের প্রস্তাবে
audio/0bb7e4e54b.wav|female|মাঠে নামতে যাচ্ছেন তারা
audio/0bb8610c9f.wav|male|নতুন উদ্ভিদের
audio/0bb8b8f5e6.wav|male|মোটরসাইকেল
audio/0bb915127d.wav|male|সোরেনসেন ম্যাচসেরা খেলোয়াড় হন
audio/0bb92c077a.wav|male|বায়ুর প্রধান
audio/0bb9d62992.wav|female|তাতে সংবিধানে বাধা নেই
audio/0bb9e44e1f.wav|male|শোনা যাচ্ছে না
audio/0bba246bde.wav|female|ছোটবেলায় এই শহরের
audio/0bba8ba9ac.wav|male|সার্টিফিকেট কোর্স পরীক্ষায়
audio/0bbaf6990e.wav|female|রক্ষা পাওয়া যায়
audio/0bbbdc74cb.wav|male|আরম্ভ ক’রে দাও
audio/0bbc92a049.wav|female|ময়নামতি
audio/0bbcae37e1.wav|female|ওইদিনের সহিংসতায়
audio/0bbd5265be.wav|female|ঢেঙ্গি ছেড়ি
audio/0bbd8de4e8.wav|male|বেলা ১টার পর
audio/0bbf46954e.wav|female|আদিবাসী শব্দটির
audio/0bbf8d4e1d.wav|female|নানার ওষুধেই বালা হইছে 1
audio/0bbfc08825.wav|female|ফলে অদ্যাবধি এখানে
audio/0bbff78d2f.wav|female|রাষ্ট্রপক্ষের আনা ১৪টি ঘটনায়
audio/0bc03eee51.wav|male|সমাজকে আধুনিকীকরণ
audio/0bc054c849.wav|male|মো. আনিসুর রহমানকে।
audio/0bc09cb01f.wav|male|মহাশয়ের এ অঞ্চলে
audio/0bc0f2ed14.wav|female|লোহার বালা
audio/0bc176b54e.wav|male|তাই রাজনৈতিকভাবে এসব শিশুর
audio/0bc17cd742.wav|female|তাঁকে গোপন কিছু বলতে 1
audio/0bc181c0fc.wav|female|তিনজন দমকলকর্মী আহত হন
audio/0bc1f6b5c0.wav|female|তখন আর ডিএনএ দিয়েও
audio/0bc1f7b818.wav|female|পূর্ববাংলার তদানীন্তন শিক্ষামন্ত্রী
audio/0bc25145f0.wav|male|ঘুম ভাঙা
audio/0bc2e8efd5.wav|male|মাছরাঙ্গা টেলিভিশনের
audio/0bc31bbb44.wav|female|প্রাচীনতম নিদর্শন
audio/0bc3272272.wav|male|ভোরের পাতা
audio/0bc3fe99d5.wav|male|5 দশমিক 6 থেকে 1
audio/0bc4b728a7.wav|male|রানা প্লাজার সামনে দাড়িয়েই
audio/0bc4b9de07.wav|female|সরে গেলেন
audio/0bc5050c82.wav|female|বালক ও অশিক্ষিত স্ত্রীলোকের 1
audio/0bc524278c.wav|female|চাপাচ্ছিলেন
audio/0bc5879528.wav|male|আসলে সত্যি কথা কী
audio/0bc6360699.wav|female|কলকাতার অত্যন্ত
audio/0bc6fccd38.wav|male|দো-ভাষী পুঁথিলেখকদের
audio/0bc734e531.wav|female|আবেদনকারীদের পক্ষে
audio/0bc74be71e.wav|female|মেয়েটির কাছে ঐ ছেলেটিকে
audio/0bc76d88c3.wav|male|চারটি ইস্ত্রির বাক্সে
audio/0bc78fc048.wav|male|তাদের পক্ষ থেকে
audio/0bc7f3119b.wav|male|ব্রম্ভচর্য ও বনবাস
audio/0bc8c9b649.wav|male|নদীর চরে খেলতে যায়।
audio/0bc8e08af4.wav|male|মাছরাঙা
audio/0bc9620515.wav|female|অস্তিত্ব খুঁজে পাওয়ার পর
audio/0bc97d1918.wav|male|অনাবিল ভালো লাগা দেয়
audio/0bc9c59c6c.wav|female|বিতর্কিত নারীবাদী সাহিত্যিক
audio/0bc9f9986a.wav|female|অন্যের রচনা আমি কি 1
audio/0bca76a922.wav|female|অভিনয় ছাড়তে
audio/0bca7731b2.wav|female|নিউ ইয়র্ক ও ফ্লোরিডায়
audio/0bcaad92a3.wav|female|হুমায়ূন পাগলদের গুঞ্জনে
audio/0bcb43f864.wav|female|এলেন অপু বিশ্বাস
audio/0bcb8928f9.wav|male|রাশিয়ার সঙ্গে সম্পর্ক
audio/0bcb8c8270.wav|male|প্রতারণা ও অপরাধের কথা
audio/0bcc2443b0.wav|female|তরুণদের বিজয় মিছিল
audio/0bcc293746.wav|male|কোনো ভয় নেই
audio/0bcc75e1a1.wav|female|গণহত্যায় যারা
audio/0bcc90f021.wav|female|তবে শ্রমিকপক্ষ মনে করে
audio/0bcd627b01.wav|female|আমেরিকান প্রোমোশনাল মডেল
audio/0bcda552b0.wav|male|এসে কড়া নাড়ে
audio/0bcdb59f50.wav|female|পাঁচটি ট্রাক
audio/0bce32f4f0.wav|male|কালুগাজী ও চন্দ্রাবতী
audio/0bce94ba4b.wav|female|ভগবানকে কল্পতরু বলা হইয়াছে
audio/0bcefc31e9.wav|male|পরিষ্কার হতে হবে
audio/0bcf076ecf.wav|female|একটি মোবাইলফোন ও হাতে 1
audio/0bcf53f34f.wav|female|পশ্চিমবঙ্গ সরকারের খাদ্যমন্ত্রীও
audio/0bcf907455.wav|female|আমি গাইব
audio/0bcfbe6c3e.wav|female|আকারভেদে প্রতিটা
audio/0bd072e661.wav|male|তাদের ভাবনা অত্যন্ত স্পষ্ট
audio/0bd08f56aa.wav|male|বসেও ঘুরেফিরে মগডালেই
audio/0bd08f864a.wav|male|আজকের তাজা খবর
audio/0bd0c780ff.wav|male|তানভীর মেহেদি
audio/0bd0c7fba1.wav|female|কিন্তু তপন রায়
audio/0bd1626b50.wav|male|দিনের শুরুতে ভ্রমণ
audio/0bd1b8d973.wav|female|এছাড়া শহিদুল
audio/0bd1d99fdb.wav|female|পরক্ষণেই তার মনে পড়ল
audio/0bd2248162.wav|female|সামাজিক এবং ধর্মীয়
audio/0bd22f87a7.wav|male|অধ্যাপক গোলাম রব্বানী
audio/0bd24a81b8.wav|female|ইপিএলের প্রথম তিন দল 1 চ্যাম্পিয়ন্স লিগে খেলার সুযোগ পায়।
audio/0bd2f40ac6.wav|male|শোক প্রকাশ করেছেন
audio/0bd3358ba7.wav|male|একদিন কাজ বন্ধ রাখার 1
audio/0bd46ca408.wav|male|যার মধ্যে রয়েছে
audio/0bd53e795b.wav|male|যদি সে বেঁচে থাকতে 1
audio/0bd5ad3f78.wav|male|সেদিনই সন্ধ্যার আগে
audio/0bd5b05db3.wav|female|উল্টো দিকে সোহরাওয়ার্দী উদ্যানে
audio/0bd6252bf3.wav|female|তবে পুলিশ আরও
audio/0bd6ac4dc7.wav|female|রমনা বিভাগে
audio/0bd76f1ec8.wav|female|দুই দলই
audio/0bd85897e0.wav|male|গঠন করা হল
audio/0bd93a633d.wav|male|না ভেবে
audio/0bd99e66fe.wav|female|সাদা পোশাকের পুলিশ সদস্যরা
audio/0bda46e47a.wav|male|তালেবানদের সাথে পাকিস্তান সরকারের
audio/0bdaa8be3b.wav|male|বেদনাদায়ক শাস্তি
audio/0bdab46956.wav|female|জীবন কত তাড়াতাড়ি
audio/0bdb425919.wav|female|যা কমিশন সামলাতে পারবে 1
audio/0bdb6a2824.wav|male|কতবার ভাবি
audio/0bdbd9c47d.wav|female|ধরিত্রীতে কি ঘটছে
audio/0bdcb6cf55.wav|male|হুমায়ুন কবির এক ঢিলে
audio/0bdd1e81a7.wav|female|এলাকার লোকজন গিয়ে
audio/0bdd26ea8b.wav|male|সেটা রাজনৈতিক স্টান্টবাজি
audio/0bdd2e6e1a.wav|female|চুক্তি সার্বিকভাবে
audio/0bdd3ba34d.wav|female|জ্ঞান ফিরে এলে
audio/0bdd97f797.wav|male|প্রায় কিছু না করেই
audio/0bde00c695.wav|female|স্বামী যুদ্ধক্ষেত্রে
audio/0bde28c3aa.wav|female|উপস্থাপনের পর
audio/0bde8716b4.wav|female|পত্রিকা
audio/0be04e24ef.wav|female|আসতে থাকে মঞ্চ থেকে
audio/0be06615d5.wav|female|ভারতসম্রাট অনুভব করেন
audio/0be0b373dc.wav|female|গোলাপী বর্ণ ধারণ করে
audio/0be12e0886.wav|female|এবার ভোট দানের হার
audio/0be1393cef.wav|female|আপনার হাতের
audio/0be26766ff.wav|male|আলোচনা করতে হলে
audio/0be34a2cf2.wav|male|ওয়াজ শুনতে
audio/0be35ecf9d.wav|female|বেঁধে নেয়
audio/0be404b788.wav|female|তা সামান্য বেড়ে
audio/0be40aeca4.wav|female|প্রতিমন্ত্রী নসরুল হামিদ জানিয়েছেন
audio/0be4378add.wav|female|তিনি অনেকগুলো মেডিকেলকেই
audio/0be485b018.wav|female|সত্যের মুখোমুখি হবেন
audio/0be4afc834.wav|female|ও উজ্জ্বল ত্বকের অধিকারী
audio/0be4b108b0.wav|female|ঢাকা উদ্যানে গিয়ে
audio/0be51ac090.wav|female|আনোয়ার হোসেন মঞ্জু
audio/0be55adbb1.wav|male|তার জন্য শুক্রবার
audio/0be62ce000.wav|male|দুজন নিয়োগ প্রার্থী
audio/0be6b2ee81.wav|female|সমস্ত গাছই উচ্চতায় বিশাল
audio/0be75a9a6f.wav|male|ভারতীয় উপমহাদেশে
audio/0be78e08d5.wav|female|ফুল চিত্র
audio/0be78f3343.wav|male|বিধবা অবশিষ্ট ছিলেন
audio/0be7d58d12.wav|female|মি: হোসেন মনে করেন
audio/0be7ed64d6.wav|male|গত বৃহস্পতিবার নির্বাচন কমিশনের
audio/0be8168586.wav|male|একটি চক্র আছে
audio/0be8be01ce.wav|male|ভূমিকায় অভিনয় করেন
audio/0be8eb3ce4.wav|male|সৃজনশীল কাজকে
audio/0be9979f86.wav|female|নিমপাতা
audio/0be9ab68e0.wav|female|এর আগে কোনো শিরোপা
audio/0be9f81423.wav|female|একুশের চোখ
audio/0beb139065.wav|male|তারাদুটো দেখেছে
audio/0beb8b204e.wav|male|পৃথিবীতেও খুব
audio/0bebc3cf2b.wav|female|এই বইয়ের প্রথম খণ্ডে
audio/0bebcb8973.wav|female|তার যৌক্তিকতা ব্যাখ্যা করতে
audio/0bec075e49.wav|female|জীবনে এত বেশি শরমিন্দা
audio/0bec17193a.wav|male|মজার খবর
audio/0bec23f0a3.wav|male|অন্যান্য দেশে
audio/0bec698eab.wav|male|ওই চলচ্চিত্রে সাদমান নামে
audio/0bec93e0e1.wav|male|দুঃখ প্রকাশ করে যশরাজ 1
audio/0becd364fd.wav|female|বেনাপোল
audio/0bed8a3fe3.wav|female|ট্রেন চলাচল স্বাভাবিক হয়
audio/0beeaaee4f.wav|female|দীর্ঘ বিরতির পর
audio/0bef2be4b7.wav|male|তার কথাটা ভেবে দেখুন
audio/0bef649d36.wav|male|তিনি অন্যতম
audio/0bef985987.wav|female|তার মৃত্যু হয়
audio/0befa30db2.wav|female|আরেকটি বড় ধরনের
audio/0beffa3f2c.wav|male|গাড়ি নিয়ে বের হওয়া
audio/0beffafbe3.wav|male|রিয়ালের উপার্জন
audio/0bf0378f18.wav|male|গানটির সুর করার
audio/0bf045d220.wav|female|তিনি বাংলা গানের
audio/0bf07167db.wav|male|নিতে চান না
audio/0bf0e2d0dc.wav|male|আলোচনা হয়নি
audio/0bf219a92e.wav|female|সহিংসতার জন্য দায়ী
audio/0bf2a3e8a3.wav|male|পৃথক সড়ক দুর্ঘটনায়
audio/0bf2c30733.wav|male|পরিদর্শনের সময় তিনি
audio/0bf306e16c.wav|female|কেশিনিধনের কথা
audio/0bf30b522c.wav|female|জামাকাপড়ের ব্যাপারে এতটুকু হুঁশ 1
audio/0bf33cb72b.wav|male|সাবান ব্যবহার করা হয়
audio/0bf3782be8.wav|male|তৈরি ছিলেন বলে
audio/0bf42fc9f6.wav|male|মন খারাপ করার জন্য
audio/0bf4326325.wav|male|যদি সম্পূর্ণ ক্ষমা করা 1
audio/0bf44f087d.wav|male|তিনি সুস্থ হয়ে উঠেছেন
audio/0bf46ed260.wav|female|তাহার পর দেখিতে পাই
audio/0bf4a11f7a.wav|male|দুপুরের পর
audio/0bf4a3cf0c.wav|female|এড়িয়ে গেছে
audio/0bf4bfa806.wav|female|অজি অসবর্ন
audio/0bf4dd3f4e.wav|male|যা উপহার কিনার
audio/0bf53d1f56.wav|male|তালিকাভুক্ত শীর্ষ সন্ত্রাসী
audio/0bf5ac2e7a.wav|male|কবিতার খসড়া
audio/0bf5e3672b.wav|male|হেলাফেলার ব্যাপার
audio/0bf612d87f.wav|male|এগারোটি স্বরবর্ণ
audio/0bf62546db.wav|female|কনস্টেবল এনামুল নূরে আলম
audio/0bf6294e75.wav|male|নিস্ক্রিয় করেন
audio/0bf664d3ef.wav|female|বাংলাদেশ বিমানবাহিনী
audio/0bf6809f24.wav|female|মমকে দেখার পর থেকে
audio/0bf6aaeb4a.wav|female|জাতিসংঘের সহকারি সেক্রেটারি জেনারেল
audio/0bf6bfd9f2.wav|female|আসন্ন টি টোয়েন্টি বিশ্বকাপের
audio/0bf7357738.wav|male|যানবাহন যাতে না দেওয়া 1
audio/0bf89a4f94.wav|female|আশঙ্কা করছেন বিশেষজ্ঞরা
audio/0bf91c4056.wav|male|নিরহঙ্কারতার জন্যও নয়
audio/0bf97e9d79.wav|female|এক প্রকার বেকার
audio/0bf9d614b3.wav|female|পিঁড়া পিঁড়া কস ক্যান
audio/0bfaec0321.wav|male|ফলে আবারও
audio/0bfbce9aa7.wav|female|দেখা করেন শিরীনশারমিন
audio/0bfbe100a5.wav|female|মাসিক নবজীবন
audio/0bfbe283ea.wav|female|ফুলবাহারি নিজে
audio/0bfbeb032c.wav|female|আমাদের আতা গাছ
audio/0bfc0ecf29.wav|male|প্রার্থী এবং নির্বাচন সংশ্লিষ্ট 1
audio/0bfc2a01a6.wav|male|তৈরি হয়ে গেল
audio/0bfce36093.wav|male|শুনে সর্বস্তরের মানুষ
audio/0bfd5ecbb2.wav|female|এখন হাসপাতালের বিছানায়
audio/0bfd65d599.wav|female|এবং সম্মান
audio/0bfe2b5420.wav|female|নির্ঝর 2008 সালে
audio/0bfe75161f.wav|male|৩০-৪০ বছরে
audio/0bfe780419.wav|male|মাথায় বাঁধা জাতীয় পতাকা
audio/0bfeb72429.wav|female|93 বছর বয়সে
audio/0bfec461d3.wav|male|রক্ত দিয়েছিলেন
audio/0bfeedb892.wav|female|নতুন নতুন পোশাকের সমারহ
audio/0bffde3a98.wav|male|চাঁদের কপালে চাঁদ
audio/0c001df55f.wav|female|ছবিটি অক্ষত রয়ে যায়
audio/0c0066496e.wav|male|লালনের ওপর
audio/0c00778ccf.wav|male|হরতাল কর্মসূচিকে কারণ দেখিয়ে
audio/0c01299a88.wav|male|তা দেখে তারা খুব
audio/0c026a1331.wav|female|কোন আইনজীবী ছিল না
audio/0c033dbcd4.wav|male|এখনো তার সেরা
audio/0c0343f137.wav|female|মৃত্যুর প্রকৃত কারণ
audio/0c036274b8.wav|male|খরচ জোটাতে
audio/0c03bf1620.wav|female|তাহা হইতে ঘাটিঁয়া
audio/0c03cba9ae.wav|female|কিন্তু ক্লাবের পক্ষ থেকে
audio/0c03df6c0c.wav|female|115 মাইল পশ্চিমে
audio/0c04faac47.wav|female|সামনের দিকে এগুতে হবে
audio/0c050b405a.wav|female|ফর দি স্যাংটিটি
audio/0c05a45b58.wav|female|মারসেলের ফ্রিজ বিক্রি বেড়েছে
audio/0c05af6885.wav|male|সর্বোচ্চ 15 বছরের
audio/0c062e0078.wav|female|তবে কিছু উপকারী
audio/0c0643f612.wav|female|সংঘটিত সে যুদ্ধে
audio/0c06def44b.wav|female|সকল প্রকার
audio/0c06e4a5f0.wav|female|পরিচয় নেই রাষ্ট্রব্যবস্থার
audio/0c070329e2.wav|female|বন্দুকধারীরা একটি শিল্পাঞ্চলে
audio/0c07084a74.wav|female|এই দুই প্রতিযোগিতার
audio/0c070e571c.wav|male|ইহার একটিও দর্শনের
audio/0c071f2607.wav|male|একটি কমিটি সেরা গ্রন্থ 1
audio/0c0782f1be.wav|male|এর শোধ তারা নিবই 1
audio/0c07c38619.wav|female|তখন ঘরের ভিতর হইতে
audio/0c0a5b383b.wav|female|অনলাইন পত্রিকা
audio/0c0abdda5c.wav|male|অন্তর্ভুক্ত করা হয়েছে
audio/0c0ac97a23.wav|female|বক্তার অভিব্যক্তিই এখানে মুখ্যচ
audio/0c0ae906e7.wav|female|যার ওপর ইচ্ছে
audio/0c0af2a065.wav|female|কথা বলেছেন
audio/0c0b1d0f36.wav|male|সে কাউকে জানতে দেয়নি
audio/0c0b1e7480.wav|female|হাছান মাহমুদ বলেন
audio/0c0b69b683.wav|female|তার জন্য কি সত্যি 1
audio/0c0bafb5bc.wav|female|সুন্দর একটা পরিচয় নিয়ে
audio/0c0be4851d.wav|female|তাঁদের একজন অবশ্যই
audio/0c0bfa9d0e.wav|female|প্রাণপণ চেষ্টা করেও ব্যর্থ 1
audio/0c0c5c72e0.wav|female|চলচ্চিত্রের জন্য
audio/0c0d5a922b.wav|female|ঠিক গোয়েন্দা গল্প
audio/0c0d93ba61.wav|female|ইউক্রেইন বিষয়ে
audio/0c0d99a472.wav|male|তাদের নিয়মিত গার্মেন্টসের কাজে
audio/0c0dd34d8f.wav|female|অন্যতম সহযোগী ছিলেন
audio/0c0ebc71b5.wav|male|জাদুর বাক্স
audio/0c0ebdbe4e.wav|male|প্রতিহত করার জন্য
audio/0c0f415e41.wav|male|রাজধানীর চানখাঁরপুল
audio/0c0f562f2a.wav|male|দাবি করেছিলেন যে
audio/0c0f5f42a4.wav|male|কেবল মা’র পুতুলের সঙ্গে
audio/0c0f6b8d0a.wav|male|বাংলাদেশের স্বাধীনতার চল্লিশ বছরে
audio/0c0f84ab48.wav|male|সুচারুভাবে পালন করা যায়
audio/0c0f9672c4.wav|male|নেশা
audio/0c103670c7.wav|male|10th ntrca exam
audio/0c10c36b5b.wav|female|দালানকোঠা, দোকানপাট
audio/0c11bfa499.wav|female|ছাপাখানা ও প্রকাশনা আইন
audio/0c11ced825.wav|female|সরকারের মধ্যে
audio/0c1226421f.wav|male|এর পেছনে অবশ্য
audio/0c125f7367.wav|female|ঘেন্না যা পেয়েছে প্রীতি
audio/0c12746576.wav|male|রেখে দাও
audio/0c134b0244.wav|male|মুক্তিযুদ্ধের সময় বহুল উচ্চারিত 1 শ্লোগান স্বাধীনতা উত্তরকালে চরমভাবে দলীয়করণ করায় তা গ্রহণযোগ্যতা হারায়।
audio/0c1352d9d6.wav|female|উপজাতীয় জনগণের আগমন
audio/0c1366ad97.wav|female|গায়ক প্রার্থীর দাবি
audio/0c1369e7fa.wav|male|এই প্রস্তাবে সায় দিয়েছে
audio/0c13ec9bb7.wav|female|সে সবের মাধ্যমেই
audio/0c13f7d76e.wav|male|আগুন দিলে
audio/0c1413a1a7.wav|female|প্রথম হিন্দু মন্দিরও
audio/0c1435a3f8.wav|male|মেহেরপুর সদর থানার
audio/0c144554a3.wav|female|নির্বাচনের তফসিল ঘোষণা করেন
audio/0c146e2ea4.wav|male|তিনি তৈরি করিয়েছিলেন
audio/0c14eb751c.wav|female|আপনাকে কিন্তু
audio/0c15685534.wav|female|আর এ কারণে
audio/0c159e9f33.wav|female|চাকরিজীবন শুরু করেন
audio/0c15a1959a.wav|female|কিংবা ফেনিল সিন্ধু
audio/0c164f6f40.wav|female|জন্মহীন সত্য
audio/0c16704e82.wav|female|খারকিভ শহরে
audio/0c16823961.wav|female|ঢাকার অভিজাত পরিবারের সদস্য
audio/0c16fa9f40.wav|male|স্বপ্নদোষ কেন হয়
audio/0c180dc218.wav|male|তাদের বাড়ি
audio/0c181da04d.wav|female|এ সময় মন্ত্রিসভা কেবল
audio/0c183e86ac.wav|female|স্বামী স্ত্রীর সঙ্গে
audio/0c18622913.wav|male|বাকিটুকু পড়ুন
audio/0c18ea504b.wav|male|কি ভীষণ শক্তি
audio/0c18efd574.wav|female|ঠুনকো কারণে
audio/0c1923c511.wav|male|মাইকেল চ্যাংয়ের সঙ্গে
audio/0c193bc5c1.wav|male|অনেকেই ছাত্রীদের
audio/0c194363fd.wav|female|ঘটে যাওয়ার আগেই
audio/0c1951fd8a.wav|male|সপ্তর্ষিমণ্ডল রাশিচক্রের বাহিরে
audio/0c19ac3e17.wav|male|কিন্তু একটা পার্থক্যের কথাও
audio/0c19ba2ce6.wav|male|দ্বিতীয় রাউন্ডে যেতে হলে
audio/0c19da9890.wav|female|টার্মিনাল এখন যাত্রীশূন্য
audio/0c1a07cc9a.wav|male|আইফোন বা আইপ্যাডের মাধ্যমে
audio/0c1a10f7a5.wav|male|মা’র চিরকাল
audio/0c1a768fd0.wav|male|রাজধানীর বাইতুল মোকাররম
audio/0c1a8f7a77.wav|male|তারা জানান
audio/0c1abf2fa0.wav|male|আরো একটি
audio/0c1b11519b.wav|male|244 জন
audio/0c1b26d9cf.wav|female|অনেক ধরণের ত্রুটি রয়েছে
audio/0c1b2e0c57.wav|female|সভাপতিত্ব করেন একাডেমির সভাপতি
audio/0c1bde87a6.wav|male|যারা রোপন করেছে
audio/0c1be7a080.wav|female|কিন্তু তিনি যে চলে 1
audio/0c1c7343d3.wav|female|একটা ভূতের গল্প লিখে 1
audio/0c1c998125.wav|male|বাংলাদেশের চলচ্চিত্র
audio/0c1d868a1a.wav|male|এর সংখ্যা হাজারের কাছাকাছি
audio/0c1d9cdec3.wav|female|তিস্তা ব্যারেজে পৌঁছাবে তারা
audio/0c1da87ced.wav|female|লিন প্রথমে জানিয়েছিলেন
audio/0c1dbbde99.wav|female|ইহার রচনাপ্রণালী আজিকালিকার
audio/0c1e7a4060.wav|female|এখন একটা ব্যবস্থা কর
audio/0c1e8a3b55.wav|female|ভ্যানিলা এসেন্স আধা চা-চামচ
audio/0c1eb3fa5f.wav|female|কিছুটা হলেও
audio/0c1edeaff9.wav|male|মিউজিক্যাল যে ব্যাপারটা
audio/0c1f428912.wav|female|পেট্রোল বোমায়
audio/0c1fd399f5.wav|female|তার পরও তিনি আমাকে
audio/0c1fd8877f.wav|female|স্টার্টআপে সেট করে
audio/0c20037298.wav|male|বাড়ি ছেড়ে চলে যায়
audio/0c207f6a58.wav|male|ভৈরব বন্দরের মালোপাড়া দেখিতে 1
audio/0c22285644.wav|male|বাংলাদেশ পুলিশ
audio/0c2229a395.wav|female|অদৃশ্য কষ্ট
audio/0c2255a31d.wav|male|একটি প্রশান্ত স্বদেশ
audio/0c22c0d6a0.wav|female|বাসর ঘর সাজানো
audio/0c22f43672.wav|male|তারা রোমাঞ্চিত ও অভিভূত
audio/0c238630f9.wav|male|নাম ঘোষণা করেন
audio/0c23a66856.wav|male|15 রানের ব্যবধানে
audio/0c23aac3c9.wav|male|আদাবাটা 1 টেবিল চামচ
audio/0c23b82eac.wav|male|ঢাকার মোহাম্মদপুরের খুচরা বাজারে
audio/0c23c106fd.wav|female|ছোট এক ঝরণার মত
audio/0c24637774.wav|male|পাস করানো
audio/0c24f85796.wav|female|উত্তর পূর্বে প্রচলিত
audio/0c2518bf6b.wav|female|উৎসাহ জুগিয়েছিল বলে অনেকের 1
audio/0c257db556.wav|female|শুরু করলে
audio/0c25a21f3f.wav|female|তাদের চেয়ে অনেক বেশি
audio/0c25a5961e.wav|male|তবে মোদি পরিবারের কেউ
audio/0c25a6c11e.wav|male|দিল্লির এই কনকনে
audio/0c25dc746c.wav|male|এ যাত্রায় কি এরা
audio/0c262cf273.wav|female|ছেলেরা ছয় দফার দাবি 1
audio/0c267e3f79.wav|male|ব্যাট উঁচু করে
audio/0c268b58a6.wav|female|তার কার্যালয়ে
audio/0c26bbfa5d.wav|female|অ্যাডভান্সড অ্যাপস বাংলাদেশ লি.
audio/0c26bc13ea.wav|male|দ্বিতীয় সামিট
audio/0c27ca11bd.wav|female|জেনারেল সিসিকে সমর্থন জানাতে
audio/0c27e0dbe7.wav|female|এসব মামলায়
audio/0c27f9718d.wav|female|ক্ষমতাচ্যুত সাবেক ভাইস প্রেসিডেন্ট 1 মাসার, প্রেসিডেন্ট সালভা কিরের বিরুদ্ধে অভ্যুত্থানের চেষ্টা করেন।
audio/0c28198fbd.wav|male|লেখকদের পরিচয় থাকা জরুরি
audio/0c285773f3.wav|female|রাস্তায় ফেলে রেখে যায়
audio/0c28da9459.wav|male|এটা নিয়ে সরকারি দল
audio/0c29125767.wav|female|কাজ করব কিনা
audio/0c2957fe35.wav|male|সরবরাহ করা হয়নি
audio/0c296f59ee.wav|female|প্রবাসীরা 116 কোটি ডলারের 1
audio/0c29fbb6dc.wav|female|আমি ঠিক জবাবটা জানতাম
audio/0c2a2bc901.wav|female|ছবির চারিদিকে
audio/0c2a560591.wav|female|তাঁদের প্রত্যেকটি ট্যাংকের উপর
audio/0c2b0024ea.wav|female|আলোচনা সভার
audio/0c2b065e81.wav|male|মা হারানো পরশ
audio/0c2b1f72c1.wav|female|একটা বড় চাপ গেছে
audio/0c2baaf3a1.wav|female|কেটে গেলে অবসাদ জাগে
audio/0c2bb87f25.wav|female|সিআইডির এএসপি কবির উদ্দিন
audio/0c2c02c616.wav|female|অ্যালানিন সমৃদ্ধ
audio/0c2cb3725b.wav|female|ব্রণের দাগ
audio/0c2cf8a072.wav|male|মা তাই জানেন
audio/0c2db6fbd5.wav|male|বঞ্চিত হচ্ছেন
audio/0c2dbff6c5.wav|female|শ্রেষ্ঠ বাণিজ্যিকভাবে সফল
audio/0c2eb28a3a.wav|male|নেকড়েটার দুটো গোল গোল 1
audio/0c2f2c82b3.wav|male|রবীন্দ্রনাথ যখন নজরুলকে
audio/0c30df3f5a.wav|female|বাস্তবে প্রয়োগ করার
audio/0c30df627e.wav|male|চলে যায় লুৎফা
audio/0c31ceae40.wav|male|কলাগাছের মত দাঁড়ানো
audio/0c32c31550.wav|male|কিছু কল্পকথা প্রচলিত রয়েছে
audio/0c32e73d44.wav|female|কেমিক্যাল, কাঁচামাল ও মেশিনারিজ
audio/0c337d8b17.wav|female|খুব গুরুত্বপূর্ণ একটি
audio/0c33c08184.wav|female|হৃদয় ভেঙো না
audio/0c33e910c8.wav|male|বরাবর অস্বীকার করেছে
audio/0c343b47b5.wav|female|খালিমুখে যাওয়াটা ঠিক হবে 1
audio/0c3467fecc.wav|male|আগে থেকেই ছিল
audio/0c348e0304.wav|female|রপ্তানিকারক সমিতির হিসেব মতে
audio/0c34c616ce.wav|female|শিশু শ্রমিক
audio/0c3584d99c.wav|female|মিশ্র স্বভাবে প্রভাবিত
audio/0c35a499aa.wav|female|এক দ্বন্দ্বের সৃষ্টি হয়েছিল
audio/0c364ac1af.wav|female|টি-টোয়েন্টির জায়গায় টি-টোয়েন্টি
audio/0c3663533f.wav|male|গরিবদের ঘুমোনোর ভঙ্গি খুবই 1
audio/0c36cda508.wav|female|গ্রেপ্তার হয়েছেন
audio/0c3812bf40.wav|female|ভগবান শিব
audio/0c38475f04.wav|female|পূর্ব মহেশচর সরকারি প্রাথমিক 1
audio/0c38fa3c68.wav|male|পিতার মতো জননী
audio/0c3920929d.wav|male|পরিস্থিতি তৈরি করা হয়েছে
audio/0c398d16e1.wav|female|অধীনদের মধ্যে
audio/0c39ab65ed.wav|male|এর পর ছিল
audio/0c3a6cdcfb.wav|male|দুটি প্রাইভেটকারে করে
audio/0c3b1b7ee9.wav|female|তিনি রাশভারী গোছের লোক 1
audio/0c3b4d2a1e.wav|female|পরিচিত ছিল
audio/0c3b69b646.wav|female|আদম
audio/0c3c1b7cef.wav|male|মা’র পাঁজরেও
audio/0c3dba8504.wav|female|এখন কেউই
audio/0c3e23f29d.wav|male|আজ ভোট দিতে যাবেন
audio/0c3efb92ef.wav|female|শ্বাসকষ্ট শুরু
audio/0c3fb5e096.wav|female|এ কবিতাতেই
audio/0c3fff8632.wav|female|কেবল তেঁতুল বললেই
audio/0c400caffe.wav|female|জাতীয় দলে ফেরা
audio/0c4072b6c0.wav|male|এরফান মৃধা শিবলু, হাসান
audio/0c417656a7.wav|male|আউটের আবেদন
audio/0c42101120.wav|female|জীবনধারণের জন্য যথেষ্ট নয়
audio/0c4247a5b0.wav|female|ত্রুটি সংশোধনের জন্য
audio/0c425c8bd6.wav|female|বামিংহামে আমাদের গীর্জায়
audio/0c42633abf.wav|female|পরে আয়ারল্যান্ডের রাজা
audio/0c42924c9c.wav|female|থাইল্যান্ড ভ্রমন খরচ
audio/0c43e66fdc.wav|male|তার মেয়েকে
audio/0c4426c2a2.wav|male|একটা ব্যঞ্জনধ্বনি
audio/0c443af1df.wav|male|তাদের কথায় মনে হয় 1
audio/0c453b4a93.wav|male|সবচেয়ে বেশি চিত্তাকর্ষক মনে 1
audio/0c4595202d.wav|female|নিজেকে উড়িয়ে দিয়ে
audio/0c45a99398.wav|female|বলে উল্লেখ
audio/0c4628fe64.wav|male|তিন পর্বের কুইজের
audio/0c466cb48c.wav|female|মাত্র গতকালই
audio/0c4676a120.wav|female|ব্ল্যাক আউটের কারণেই
audio/0c469400a1.wav|male|ব্যবসায়ীরা জানান
audio/0c46a09207.wav|female|থেকে বেশ স্পষ্টভাবে
audio/0c46ce52fd.wav|male|পারলৌকিক অবস্থা
audio/0c46f10119.wav|male|সেই বিবাহ
audio/0c474c4621.wav|male|এক দল ডাকাত
audio/0c47748d5e.wav|male|সে বিষয়ে তাদের কাছে
audio/0c47b39e2a.wav|female|দু-একজনের কথা মনে আছে
audio/0c480e72bc.wav|female|পাকিস্তান টসে জিতে
audio/0c482b186d.wav|male|ছবি হল
audio/0c486bd8e7.wav|male|স্বাভাবিকের তুলনায় দ্বিগুণের বেশি
audio/0c496209f9.wav|female|তাঁর আস্থা ছিল না
audio/0c4971fa18.wav|female|শুরু করল
audio/0c49a7e96a.wav|female|সরাসরি এনএইচ 35
audio/0c49e79a90.wav|female|সেটিকে খুব একটা
audio/0c4b3fcb55.wav|male|নেবুলার মাধ্যাকর্ষণ শক্তি
audio/0c4b758b7c.wav|male|বেঁচে থাকার জন্য
audio/0c4bb7d342.wav|male|তাঁর কাছে গেলে
audio/0c4bd77174.wav|female|সীতুর তেমন বন্ধু নেই
audio/0c4c228a03.wav|male|খেলনার অরগানটিকে
audio/0c4d1f52ec.wav|female|বেলা সাড়ে ১১টার দিকে
audio/0c4d6d3131.wav|male|প্রধান বিচারপতির
audio/0c4da2b165.wav|male|এতে আছে
audio/0c4de50c83.wav|female|নিরাপত্তা নিশ্চিত করলে
audio/0c4df5df20.wav|male|দক্ষতা ও দ্রুততার সঙ্গে
audio/0c4e0a39ca.wav|male|প্রযুক্ত হয়
audio/0c4e34fbf2.wav|male|আমরা পদক প্রতিবারই জয় 1
audio/0c4f11003d.wav|male|কামরাঙা নিয়ে আসবেন
audio/0c4f917d0d.wav|female|আসলে নয়
audio/0c4fd4177f.wav|female|সেগুলোর কর্মকাণ্ড খুব এগুচ্ছে 1
audio/0c4ff44a3e.wav|female|তৃতীয় ব্যক্তি হিসাবে
audio/0c50490c01.wav|male|ষষ্ঠ উইকেটে 115 বলে 1 রানের জুটি গড়েন মিসবাহ-আফ্রিদি।
audio/0c509aa76d.wav|male|মানবাধিকার লঙ্ঘনের সাথে
audio/0c50d32f71.wav|male|আন্দোলনকারীদের সবাই
audio/0c51ae6cc9.wav|female|কিন্তু আমরা যখন বলি
audio/0c51df3c81.wav|male|৬টিতে কোনো অর্থ জমা 1
audio/0c51e773b1.wav|male|বেরিয়ে যেতে দেয়
audio/0c5258b881.wav|female|আমি নিঁদ যাই
audio/0c52a6cf1a.wav|male|আমার কাছে পরিষ্কার নয়
audio/0c52a75f0c.wav|female|কিছু দেখে নি
audio/0c52bcadcf.wav|male|অনেকদিন ধরেই
audio/0c532271cc.wav|male|অভ্র ৪.৫.১ সফটওয়্যারের সাথে
audio/0c53a1be74.wav|male|কম্পিউটার প্রোগ্রামিং ধারণার
audio/0c53c5e30b.wav|female|টানা দ্বিতীয় টেস্টে
audio/0c5448c5ad.wav|male|শুনে,পুঁটলি-পাঁটলিসহ
audio/0c54aa1b3f.wav|female|1 মিনিটের মধ্যে
audio/0c554286b2.wav|male|নতুন দুনিয়ার সঙ্গে
audio/0c5567c396.wav|male|বাকি 153 আসনে
audio/0c55b4d45d.wav|male|29 জুন 2007 তারিখে
audio/0c568764c2.wav|male|একটি রোমান্টিক টলিউডি বাংলা 1
audio/0c58623cab.wav|female|বুড়ো ক্যাপুলেট
audio/0c588d9465.wav|male|যে কোনো বিচারে
audio/0c5904f3f6.wav|male|ইতালি চলে গেছে
audio/0c59267786.wav|female|প্যারিসের একটি হাসপাতালে
audio/0c59b66139.wav|male|বাইরে পা বাড়িয়েই শেখে
audio/0c5a0caa7c.wav|female|খেলোয়াড়দের দলে টেনেছিল
audio/0c5bcf6747.wav|male|কোন কিছুই
audio/0c5c0278cf.wav|female|তাহার গতিক ভালো নয়
audio/0c5c2eb992.wav|male|শুধু তাঁর দীর্ঘশ্বাসই নয়
audio/0c5c6d1789.wav|male|কেমন জানি একটা
audio/0c5cbe87df.wav|female|বার্সেলোনায় অনুষ্ঠিত
audio/0c5ce0383c.wav|male|স্বাস্থ্য অধিদপ্তরের
audio/0c5d4310dc.wav|male|যে কারও জন্যই
audio/0c5d7ac4bb.wav|female|জানান ওসি রফিকুল
audio/0c5e6897c1.wav|male|দুঃখের এই গানটি
audio/0c5e6fffb9.wav|female|ভারতের অর্থমন্ত্রী হিসেবে
audio/0c5ea875e5.wav|male|কুকুরের এই নির্দিষ্ট গ্রন্থি
audio/0c5f06dbad.wav|male|একটি আধুনিক ইন্টারনেট
audio/0c5f1cd3a6.wav|male|টিঅ্যান্ডটি কলোনি
audio/0c5fa4710d.wav|male|যুদ্ধের দগদগে ঘা
audio/0c5fb06404.wav|female|বন্ধু বা বান্ধবী খোঁজাই
audio/0c602b016e.wav|male|কিয়েভের নিয়ন্ত্রণ থেকে
audio/0c617b40ed.wav|male|ইনাম আল হকের লেখা
audio/0c61ad947e.wav|female|যখন দর্শক সংখ্যা থাকে
audio/0c620b6ff5.wav|male|লেখাপড়া শেষ করে
audio/0c6278be42.wav|female|তবে আসলটা সারাতে হবে 1
audio/0c62b9022f.wav|female|সেই ক্যালেন্ডার অনুযায়ী
audio/0c644f8c8a.wav|male|চার পাতা
audio/0c6482d790.wav|male|প্রত্যেকটি ক্ষেত্রে
audio/0c64ab1e48.wav|female|অপেক্ষা করে
audio/0c64e32a64.wav|female|পূর্বের তুলনায়
audio/0c65ed79f7.wav|male|রাতে জেট ক্যাপসুল থেকে
audio/0c662377d7.wav|male|আমার কাছে নাই
audio/0c6650ba7b.wav|female|এরই মধ্যে তাদের কাছে 1
audio/0c665ce1c4.wav|female|এখানে কোন কার্যকর ভূমিকা
audio/0c67107232.wav|male|পশ্চিমবঙ্গে পাঁচ দফায় আর 1 তিনদফায় ভোট নেওয়া হবে।
audio/0c673acb44.wav|male|অবশেষে অন্তত একটি ঘরে
audio/0c67501582.wav|female|তাঁকে শুধু
audio/0c6777a53a.wav|male|বাংলাদেশের শ্রেষ্ঠতম ফসল কবি
audio/0c677e8d50.wav|male|চেন্নাই এক্সপ্রেস' নিয়ে
audio/0c67a538ef.wav|female|কাঁচিতে ঘ্যাঁচ করে
audio/0c67fadd38.wav|male|ঢাকা যাওয়ার
audio/0c6895590c.wav|male|লাঠিসহ মহিলা-পুরুষ 10 জন
audio/0c68faff22.wav|female|গরিবেরা এমনভাবে মুখ বিকৃত 1
audio/0c69061902.wav|female|খবর পেয়েপুলিশ এসে
audio/0c69775c5e.wav|female|এসব দৃশ্য রোজ রোজ
audio/0c69a91f40.wav|male|মি. ওবামা বলেন ইউক্রেনের 1 ও সীমানার অখণ্ডতা ভঙ্গ করা হলে তা পরিস্থিতির চরম অবনতি ঘটাবে।
audio/0c69dc0e83.wav|male|রুপির দরপতনের কারণে
audio/0c6a0bf8ce.wav|female|সে যদি মুসলমান হয়
audio/0c6ab11f4d.wav|male|হারে এক উল্লেখযোগ্য
audio/0c6b3b81d8.wav|female|মাজু বিবি
audio/0c6b909014.wav|male|সংঘাতে হিন্দু সমাজের
audio/0c6bf499cc.wav|female|ওয়াকআউট না করে
audio/0c6c99b065.wav|male|সেটি সম্ভবত
audio/0c6cb620b2.wav|male|বাঁচাতে পারে
audio/0c6ce8ebf5.wav|female|বেশ কয়েকটি কারখানায়
audio/0c6da53916.wav|male|রোববার ভোর
audio/0c6ec296ef.wav|female|ফেনসিডিল
audio/0c6eeb156b.wav|female|রাধা বড়য়ি খাঁখার
audio/0c6ef247c8.wav|female|হাতীবান্ধা উপজেলা
audio/0c6f233084.wav|male|গ্রামবাংলার জীবনচিত্র
audio/0c6f30ca7c.wav|male|দেশটির রপ্তানিকে
audio/0c6f3d0d7d.wav|male|প্রেম হতে পারে না
audio/0c702275fb.wav|male|তাদের বাবার নাম রাতুল 1
audio/0c7045e08a.wav|male|১২টা পেরিয়ে গেছে
audio/0c708f5714.wav|male|1974 সালে শেষবার ইউরোপের 1 ক্লাবের প্রতিযোগিতার ফাইনালে উঠেছিল আতলেতিকো।
audio/0c7095d781.wav|female|সারা দেশের পরিস্থিতি
audio/0c70fc9a5e.wav|female|তীর, ধনুক সব হাজারে 1
audio/0c7226c175.wav|male|পোশাক কিনতে গিয়ে
audio/0c722f3462.wav|female|অভিনয়ে শারীরিক বিভিন্ন অঙ্গভঙ্গি
audio/0c723713e8.wav|female|বাংলাদেশে প্রায় অসম্ভব হয়ে 1
audio/0c73b89bb6.wav|male|সোমবার সামাজিক যোগাযোগের ওয়েবসাইটগুলো
audio/0c73cd237b.wav|male|মা হারানো পরশ
audio/0c73f397f7.wav|female|জন সংঘে
audio/0c740fc5d7.wav|female|ছেলে-মেয়ে নিয়ে
audio/0c74259517.wav|female|শিশুদের বাবা-মার
audio/0c74572e2c.wav|female|যে কোনো ধরনের নাশকতার 1
audio/0c74d1e539.wav|female|এ দেশের উন্নয়নে
audio/0c7537b659.wav|male|যাওয়ার রাস্তা
audio/0c753d371d.wav|female|প্রধানমন্ত্রী হতে চলেছেন
audio/0c75ec9392.wav|male|বাংলাদেশে কার স্বার্থে
audio/0c75ee17f8.wav|male|চোখের পাতা নেই
audio/0c7601d20b.wav|female|এই করোনা জাতীয় ভাইরাস 1
audio/0c76d1d134.wav|female|আদায় করতে পারেনি তারা
audio/0c77324b5a.wav|female|সরকারে প্রথমে
audio/0c7769d9ab.wav|male|শসা
audio/0c77c76a11.wav|female|নান্দনিকতা সমৃদ্ধ গান নিয়ে
audio/0c77dda796.wav|female|গবেষণায় নিয়োজিত রয়েছেন
audio/0c77e1bb71.wav|male|ঘোষিত এ দল
audio/0c7820f39f.wav|male|গলে গিয়ে মিশে যাবে
audio/0c785bbf58.wav|female|অধিকৃত আরবভূমিতে ইহুদীদের জন্যে 1 স্থাপনের লড়াইয়ে সারা জীবন ধরে তিনি ছিলেন অক্লান্ত যোদ্ধা।
audio/0c791e5f21.wav|female|কী বলেন
audio/0c793603a3.wav|male|মাস্টার ফিরিয়া চাহিলে
audio/0c79b1387a.wav|female|যার মাধ্যমে
audio/0c79fafde2.wav|male|সেখানে পড়ে
audio/0c7a0e4f16.wav|female|এখানে একটি
audio/0c7a7b3fe5.wav|male|ঢোলক পেয়ে
audio/0c7aa4527d.wav|female|প্রতিহত করার
audio/0c7ab7c672.wav|female|যাত্রা শুরু হয়েছে
audio/0c7af256b3.wav|male|অন্য কোন বিকল্প নেই
audio/0c7b5f014f.wav|female|আমাকে ফাঁসিয়ে দেওয়া
audio/0c7b808c34.wav|male|কোন সম্পত্তি পায়না
audio/0c7b84ef34.wav|female|এ কর্মসূচির পর
audio/0c7c087624.wav|female|তবে অক্সিজেনের মাত্রা
audio/0c7cd6514c.wav|male|ভোটার সংখ্যা অনুপাতে
audio/0c7d317d66.wav|female|চাপরাশী নিত্যানন্দ
audio/0c7d7051e3.wav|female|আবদুল হামিদ বিশ্বাসকে
audio/0c7d8d1f9f.wav|male|আমরা আমাদের লেখায় সাধারণত
audio/0c7dab802f.wav|male|শুভেচ্ছা জানান
audio/0c7db828f8.wav|female|চট্টগ্রাম জেলা প্রশাসনের উদ্যোগে
audio/0c7de88e2c.wav|female|সৌরভ গাঙ্গুলি
audio/0c7df66b87.wav|female|বন্দীকে মুক্তি দিয়া
audio/0c7e2a9a2f.wav|female|রাশিয়াকেই দায়ী করেছে ইউক্রেন
audio/0c7e475171.wav|female|একজন চোরকে
audio/0c7e4aaf6b.wav|male|ঘটোৎকচের সমকক্ষ হইয়া
audio/0c7ebdf566.wav|female|কোনো অভিজ্ঞতাই নেই
audio/0c7ee8cb14.wav|male|তাতে তাঁদের আদর কমেনি
audio/0c7f334af6.wav|male|আল কোরআনের বানী
audio/0c7fe76174.wav|male|কর্তা বসিয়া আছেন
audio/0c801a5511.wav|male|আক্রান্ত করে
audio/0c80df79c9.wav|male|ফাতেমা
audio/0c81a59590.wav|male|খারাপ লাগে
audio/0c81feb1ec.wav|male|হাত বেঁধে রাখে
audio/0c82900a08.wav|male|আগামী অক্টোবর থেকে জানুয়ারির 1 নির্বাচনের প্রস্তুতি নিয়ে রাখছে নির্বাচন কমিশন।
audio/0c843fd2b3.wav|male|মংলা বন্দর
audio/0c845a0936.wav|male|আমন্ড গুঁড়ো
audio/0c84cb69ae.wav|female|তিব্বতী ভাষায়
audio/0c85bd5e32.wav|female|অভিনয় করতে চান
audio/0c85f9622f.wav|female|অডিও গান
audio/0c85fc8351.wav|male|আমাকে গ্রেফতার করা হয়েছে
audio/0c862a349c.wav|female|বাংলাভাষী মুসলমানদের
audio/0c865d4662.wav|female|নীলক্ষেত এলাকা
audio/0c86b900b4.wav|male|টেনে বের করা হয়
audio/0c87791b28.wav|male|শাহজাহান কবির তালুকদার
audio/0c87d67c99.wav|male|আয়োজন করা যেতে পারে
audio/0c889abf6d.wav|female|জ্ঞানসাধনায় ঘণ্টার পর ঘণ্টা
audio/0c892e3769.wav|female|এর বৈশিষ্ট্য বর্তমান থাকে
audio/0c896f6199.wav|male|ওপেন সোর্স অনেক সফটওয়্যার 1
audio/0c898ff436.wav|female|একবার করা
audio/0c89daf2c9.wav|female|শপথ নেয়ার আগেই
audio/0c8a296a95.wav|male|আমি ভগবানের নিকট প্রার্থনা 1
audio/0c8af76f41.wav|female|ভূষিত দেশের সেরা ব্যক্তিদের 1
audio/0c8b00bfee.wav|female|একটি নির্বাচন নিশ্চিত করতে 1
audio/0c8b41d006.wav|male|দক্ষিণ চট্টগ্রামে আমাদের
audio/0c8c12bfa5.wav|female|রাজশাহীর মানুষের প্রাণের দাবি
audio/0c8c4f5fdd.wav|female|এত ভালভাবে চেনে সে
audio/0c8c9c6caa.wav|female|দাম সাড়ে 15 শতাংশ
audio/0c8ca57913.wav|female|আমাদের জাফা ছেড়ে
audio/0c8cf37b40.wav|male|নির্মিত হচ্ছে
audio/0c8d23f877.wav|female|তিনি ঐ চারি পুত্রকে
audio/0c8dacf3ff.wav|male|ঐ বাড়ীতে ছিলেন
audio/0c8e001aef.wav|female|যখন চট্টগ্রামে ছিলেন
audio/0c8e6caf11.wav|male|চিত্রনায়ক অক্ষয় কুমার
audio/0c8efd4e53.wav|female|সে আবার সেই পুলিশ
audio/0c8f3f4708.wav|female|এএস রোমার চেয়ে
audio/0c8f4bfefc.wav|male|এটি একটি বিচ্ছিন্ন ঘটনা
audio/0c8f65e562.wav|female|নানা অনুষ্ঠানের মধ্যে দিয়ে
audio/0c8f662bdc.wav|male|রাজকুমার হালদারের ছেলে
audio/0c8f93609e.wav|male|তাঁহার বাম নয়ন ও 1 বাহু
audio/0c9080df2d.wav|female|অরুণাচল প্রদেশে
audio/0c90d864cd.wav|male|তাদের ওই অবস্থাতেই
audio/0c9156220a.wav|female|জাতীয় সাহিত্য ও লেখক 1
audio/0c917bde59.wav|male|বিদ্যুৎ সরবরাহ করা সম্ভব 1
audio/0c920619c0.wav|male|গুণবতীও বটে
audio/0c923a0ff7.wav|male|নদীতে খেয়া আছে
audio/0c9249b9a3.wav|male|উত্তর প্রজন্মের কবি
audio/0c92616c6a.wav|male|আর করবে না
audio/0c927df5ac.wav|female|এবার একা পেয়েও
audio/0c9324f1f6.wav|female|দ্বিতীয় ম্যাচ
audio/0c939287ef.wav|female|হাউ- হাউ-হাউ-হাউ-হাউ ক’রে
audio/0c93a61cc5.wav|female|এখন ধুলো কাদায় মিশে
audio/0c9452aca4.wav|male|একদিন হঠাৎ
audio/0c94586893.wav|female|সাজানো ৬টি চার
audio/0c949fe157.wav|male|পাকিস্তানি সেনাদের
audio/0c94a02e09.wav|female|স্মৃতিকেন্দ্রে রয়েছে
audio/0c9549f0e6.wav|female|আহ্মার করিল
audio/0c957e085a.wav|female|ধূমপায়ীর উচ্চ রক্তচাপের ঝুঁকি
audio/0c95d4438e.wav|female|বলা হয় কাকে
audio/0c96879084.wav|male|বাংলাদেশ সঠিক পথে এগিয়ে 1
audio/0c96fe5f84.wav|female|অবস্থিত প্রায় স্থায়ী
audio/0c97c6b75a.wav|female|ফোটনের সাথে
audio/0c97e6dcec.wav|female|আর বালিকারা
audio/0c97ff26df.wav|female|ইন্দ্রালয়ে গমন করিলেন
audio/0c984c72b5.wav|female|সিনান করিতে
audio/0c988873b3.wav|male|প্রতিদিন দুই থেকে তিনশ 1
audio/0c9939720b.wav|male|জিএইচ আরজু এবং হোসেন 1
audio/0c99fc84a9.wav|female|প্রতিশ্রুতি দেন
audio/0c9a18b403.wav|female|নানাজন নানাভাবে
audio/0c9a4df2fb.wav|male|তাঁর মৃত্যুকে কেন্দ্র করে
audio/0c9a585b66.wav|male|পুঁথিসমূহের অনেকগুলো রচনার পিছনে
audio/0c9af32f1b.wav|female|সকালের ফ্লাইটে
audio/0c9b1bfd9b.wav|male|যুদ্ধজাহাজ মোতায়েন
audio/0c9b3c807a.wav|male|মিলতে হবে
audio/0c9b4810fb.wav|male|একটি প্রস্তাব পাঠানো হয় 1
audio/0c9ba3c30c.wav|female|যেটাকে বলা হয়
audio/0c9bdccb8d.wav|male|60 জন এলাকাবাসী
audio/0c9c09d5bd.wav|male|অতিরিক্ত পুলিশ কমিশনার রুকন 1
audio/0c9cecca12.wav|male|প্রতিবারই আমাদের এখানে
audio/0c9ced2932.wav|female|এ বিষয়টিই
audio/0c9cfd9d24.wav|female|এখনো পরীক্ষা-সাপেক্ষ
audio/0c9d13b3eb.wav|female|মোশাররফ করিম ও মৌটুসী
audio/0c9dab46f9.wav|male|পরে দেখলাম
audio/0c9e36ab7a.wav|female|অতিবাহিত করেছি
audio/0c9e49eb9c.wav|male|উদয়
audio/0c9f5bba25.wav|female|প্রতিপ্রয়োগ করিলেন
audio/0c9f63ce08.wav|female|ঢাকা বিশ্ববিদ্যালয়ের ছাত্র
audio/0c9f666569.wav|male|যেখানে সেখানে
audio/0c9f7e91d4.wav|female|আপত্তি জানিয়ে আসলে
audio/0c9ff7c42e.wav|female|দামি বইয়ের
audio/0ca052a27a.wav|female|জয়নুল আবেদীন
audio/0ca0de5ae5.wav|male|তারা কিছু জানাতেই পারে 1
audio/0ca119d47c.wav|male|তখন তিনি পুলিশকে বলছিলেন
audio/0ca1828fdd.wav|male|এক বন্ধুর সাথে
audio/0ca22b89bd.wav|male|ভালো জিনিস
audio/0ca28aa9db.wav|male|ভারত-বাংলাদেশ চুক্তি
audio/0ca33ee75f.wav|female|চিন্তা করার সময় পাইনি
audio/0ca343ca29.wav|female|সেখানেও গিজ গিজ করে
audio/0ca3528507.wav|male|জৈব রাসায়নিক ঔষধ
audio/0ca3541e81.wav|female|11 ডিসেম্বর
audio/0ca3613299.wav|female|আমি এখন ঘুমাব
audio/0ca3b87a94.wav|male|নীচেরটির নাম
audio/0ca42393ab.wav|male|বিডিনিউজটোয়েন্টিফোর ডটকমকে বলেন
audio/0ca42af81f.wav|male|এই অভিজ্ঞতার বড় অংশ
audio/0ca4d984ba.wav|female|অনেকের কাছে এটা
audio/0ca4de1c01.wav|male|না বলিয়া থাকা যায় 1
audio/0ca5391e31.wav|male|বাস্তবতা তো তা-ই
audio/0ca5d9d7f6.wav|female|খেলতে পারেননি
audio/0ca6077c3e.wav|male|মোটরসাইকেলের কোনো পেশাদার লাইসেন্স
audio/0ca635a8e4.wav|male|আমি বউয়ের দিকে
audio/0ca69333fd.wav|female|স্বীকার করলেও
audio/0ca6ef7c5c.wav|female|জয়া পারবেন না
audio/0ca80b2290.wav|female|চুলের আগাপর্যন্ত
audio/0ca847c443.wav|male|মি: আলম বলেছেন, যে 1 হত্যা মামলায় তিনি দোষী সাব্যস্ত হয়েছেন তাতে মৃত্যুদন্ডই উপযুক্ত শাস্তি ছিলো।
audio/0ca8dde555.wav|male|মে মাসে অনুষ্ঠানের
audio/0ca9bb41ba.wav|female|তারপরও সে
audio/0caa0aaf1f.wav|male|শাহাদাত বরণ করেছেন
audio/0caa0b1ab9.wav|female|প্রকাশ করত
audio/0caa11a432.wav|male|সাইকোলজি
audio/0caa64b945.wav|male|সামলাচ্ছেন বীথি আক্তার
audio/0caa8836b5.wav|female|তাঁদেরকেও ছদ্মনামের আশ্রয় নিতে 1
audio/0cab621724.wav|female|তার মতো প্রায় আড়াইশ 1
audio/0cabf932d8.wav|female|জ্বর
audio/0cacc107e6.wav|female|এটি আর একটি দরবার
audio/0cadb7df7b.wav|female|প্রাথমিক পর্যায়ে উত্তরা থেকে
audio/0cadc2ebba.wav|female|এমনি একটি গল্প নিয়েই
audio/0cae23be03.wav|female|সদিচ্ছা আছে বলে
audio/0caebf16b4.wav|male|কদিন পর ছাড়াও পেয়েছেন
audio/0caffc17c6.wav|female|তাঁহার ঘাড়ে চড়িয়াছে বটে
audio/0cb022afb6.wav|female|পুলিশ এতে বাধা দিলে
audio/0cb027c11a.wav|female|একদিন ভিনগ্রহের বাসিন্দাদের সঙ্গে
audio/0cb038e15f.wav|male|দক্ষিণ ভারত মহাসাগরের প্রায় 1 বর্গকিলোমিটার এলাকা জুড়ে ১২২টি জিনিস ছড়িয়ে আছে।
audio/0cb15b6940.wav|female|14 থেকে 16 জন
audio/0cb17c9bb3.wav|female|পতাকায় সজ্জিত
audio/0cb18c35c5.wav|female|ফোঁটা ফোঁটা
audio/0cb1c20eea.wav|female|চট্টগ্রামে অপর ম্যাচে আফগানিস্তান 1 উইকেটে হংকংকে হারায়।
audio/0cb21e5e6a.wav|male|চিকিৎসক সংকট মোকাবেলায়
audio/0cb2c7e3d1.wav|male|কোরবানী করেছেন
audio/0cb2e1686e.wav|male|লাচ্ছি রেসিপি
audio/0cb31d26aa.wav|male|সফটওয়্যার
audio/0cb3b7368f.wav|female|বিশেষ করে বরিশালের মানুষের 1
audio/0cb40a9b0c.wav|female|হস্তান্তর করা হয়
audio/0cb40f1080.wav|female|এসএসসি পরীক্ষায়
audio/0cb48ed23a.wav|male|পল্টনে একটি সমাবেশ করেছে
audio/0cb4a622c0.wav|female|সেসময় বাতাসের
audio/0cb4b60d0e.wav|male|ফাঁসির রায় হয়েছে
audio/0cb4d17778.wav|male|গাছের গুঁড়ি অগণিত অজস্র
audio/0cb4d45a6e.wav|female|বর্তমান মেসির ছবি আর্জেন্টিনার 1
audio/0cb509b97f.wav|male|দর্শকপ্রিয় হয়ে ওঠে
audio/0cb55040b4.wav|female|শশা রান্না ছাড়াই
audio/0cb65147fc.wav|female|পূষা, ভগ, আদিত্য ও 1
audio/0cb6925c60.wav|male|ছাই বিক্রি করছে
audio/0cb76052d8.wav|female|হয়তো রাত-বিরেতে
audio/0cb78cdf79.wav|female|শুধু তাকিয়ে তাকিয়ে দেখা 1
audio/0cb7d17f8a.wav|female|প্রথমবর্ষ অনার্স ভর্তি পরীক্ষা
audio/0cb7d50c18.wav|female|জন সিনা
audio/0cb7d8d5aa.wav|male|তবে বর্তমানে
audio/0cb84731f0.wav|female|কবরের আযাব
audio/0cb86e66ce.wav|male|বাঙালি লেখক ও শিক্ষাবিদ
audio/0cb8b65bff.wav|female|প্রতিক্রিয়াও জানিয়েছে কিয়েভ
audio/0cb8ed7d21.wav|female|ঘোরাফেরা করতে দেখা গেছে
audio/0cb902df35.wav|female|বহুদিন ধরে
audio/0cb915f432.wav|male|ডিস্যাপয়েন্টমেন্ট দ্বীপ
audio/0cb988adc5.wav|female|প্রবাসী
audio/0cb98da802.wav|male|প্রকৃত অর্থে
audio/0cb9a58c53.wav|male|তুই দুনিয়াতে
audio/0cb9aa5274.wav|female|উত্তম কুমারের সঙ্গে
audio/0cb9f23a13.wav|male|উপন্যাস, প্রবন্ধ, কবিতা লেখেন
audio/0cb9fe88a8.wav|female|ও ওষুধের পাশাপাশি
audio/0cba22d116.wav|male|কথাও বলবেন বলে
audio/0cba704222.wav|female|দুটো দল তো
audio/0cbad8d94f.wav|male|পশ্চিমের দেশগুলোর সঙ্গে ইরানের
audio/0cbb4a4260.wav|male|পরের কথা বললো
audio/0cbb5ed8b3.wav|female|খুব একটা মাথা ঘামাতে 1
audio/0cbbef9415.wav|female|1947 সালে দেশভাগের পরের 1 চলে যান ঢাকায়।
audio/0cbc29821b.wav|female|আদান পদ্ধতির
audio/0cbcdb117f.wav|male|মালির ব্যাপক এলাকা জুড়ে 1 কায়দার মত দলগুলোও খুবই সক্রিয়।
audio/0cbd376658.wav|female|ফাঁদে পড়েন বেশি
audio/0cbd6e3092.wav|male|ইন্টারন্যাশনাল মাইগ্রান্ট এ্যালাই
audio/0cbd849698.wav|male|ইঁদুর তার দাঁত
audio/0cbdd51695.wav|male|কুস্তি লড়তে
audio/0cbe20ae00.wav|female|কিংবা কৃষ্ণবিবর
audio/0cbe32c508.wav|male|ব্রাজুকা হিসেবে
audio/0cbea362ca.wav|male|আলোচনা করলেও
audio/0cbeb2801e.wav|male|তৃতীয় উইকেট জুটিতে
audio/0cbedd32f4.wav|female|সস্ত্রাস-জঙ্গিবাদ দেশকে
audio/0cbfa3f59d.wav|female|বড় বাড়াবাড়ি করিতেছে
audio/0cbffb5e0d.wav|female|পাকিস্তান আমলে পূর্ব পাকিস্তানে
audio/0cc038a5cd.wav|female|কাজ করতেন নিউটন
audio/0cc11c51a6.wav|female|বৈঠক শেষে জাপানি মন্ত্রী
audio/0cc151185d.wav|male|বেজায় রকমের বর্ণাঢ্য জামাকাপড়ের 1
audio/0cc18c7f18.wav|male|অভিশপ্ত করিলেন
audio/0cc2aec61d.wav|male|দুর্নীতির মামলায় মৃধাসহ
audio/0cc2c5e16a.wav|female|তার বাড়ি থেকে
audio/0cc2c717ae.wav|male|সত্যি গ্রেগসন
audio/0cc3172418.wav|female|বাবার সঙ্গে বড় মামা
audio/0cc3310b8b.wav|female|তার মূল্যমান
audio/0cc34b51cc.wav|female|এসে গেছেন
audio/0cc3e09af0.wav|female|আইডিয়াটা কেমন
audio/0cc429a6e4.wav|male|স্বাক্ষর মেলে
audio/0cc46209a1.wav|female|কর্মসূচি শুরু হবে
audio/0cc490d2cb.wav|female|সৃষ্টিকর্তার নৈকট্য
audio/0cc49ec1ab.wav|female|তিনি পুরোপুরি
audio/0cc5813c4f.wav|female|ঘটনার এক মাসের মাথায়
audio/0cc5e5b0b1.wav|female|তার ভিসার মেয়াদ
audio/0cc634aec5.wav|female|রোববার দুপুর দেড়টায়
audio/0cc6b1d8be.wav|female|অযথা তারা
audio/0cc6fd3ecc.wav|male|সাভারের রানা প্লাজার আশপাশের
audio/0cc70b26c5.wav|female|প্রমাণিত হয়েছে
audio/0cc76c4892.wav|female|এছাড়া যশোর-মাগুরা সড়কে
audio/0cc80cd955.wav|male|অর্থনীতি দ্বিতীয় বর্ষের ছাত্র
audio/0cc8362e53.wav|female|সাখাওয়াত হোসেন
audio/0cc8f044b7.wav|male|অপরাধের সঙ্গে
audio/0cc94568b9.wav|male|তাদের সঙ্গে বৈঠক করেছেন
audio/0cc98a6ad1.wav|female|যেন চারিদিকে
audio/0cc98adaad.wav|female|মঙ্গলবার দুদক নোটিশটি পাঠিয়েছে
audio/0cc99f8683.wav|male|কিন্তু সেই বাস্তবতা ভুলে
audio/0cc9c63b61.wav|male|আলাদা করিবার কারণ
audio/0ccb3e88cd.wav|male|বিয়ে করা অপরাধ নয়
audio/0ccb41391b.wav|male|জেলহাজতে পাঠনো হয়েছে
audio/0ccbcded4c.wav|male|সব অঞ্চল
audio/0ccbf23393.wav|male|স্লোগান-গান-আবৃত্তি করে
audio/0ccc4a032d.wav|female|কাঁদিয়া তাঁহাকে দোষ দিব 1
audio/0ccc5ff6f2.wav|female|সহ-উদ্ভাবক বলা হয়
audio/0ccc7997ba.wav|male|অঞ্চল বারংবার
audio/0ccda4f4de.wav|male|পাথর ছুঁড়তে শুরু করলে
audio/0cce051b81.wav|female|কিন্তু ক্রেতারা বলছে
audio/0cce15507f.wav|female|ভারি ভারি খাইয়ে
audio/0cce1ed93a.wav|female|বিপর্যস্ত করে ফেলেছিল
audio/0cce4ad17c.wav|female|এখনকার কৃষ্ণযাত্রায় যেমন
audio/0cce757381.wav|male|আমি হয়তো ওকে
audio/0ccf3701ce.wav|female|43 রাউন্ড রাবার বুলেট 1
audio/0ccf616f66.wav|female|খদ্দরের কাপড়ে
audio/0cd00bfa65.wav|female|আত্মজৈবনিক উপন্যাস কৈশোর-এর নায়ক 1
audio/0cd12056ca.wav|female|একজন রক্ষী থাকতেন
audio/0cd149834a.wav|female|মানুষ মেরে ফেলা
audio/0cd14e8a79.wav|female|এই প্রশ্নের কোনো উত্তর
audio/0cd15964de.wav|female|পৌঁছানো সম্ভব হতে পারে
audio/0cd1783540.wav|female|নিঃশেষ হয়ে গেছে
audio/0cd1cd1f32.wav|male|এত কম সময়ের মধ্যে
audio/0cd24920a5.wav|female|কিছুদিন আগে এক দ্রুতবিচার 1 ওই ঘটনায় জড়িত কয়েকজনের মৃত্যুদণ্ড হয়েছে।
audio/0cd268981d.wav|male|পুড়ে যাওয়া সব দোকানই
audio/0cd30b44c2.wav|female|পানিশূন্যতা দূর করে
audio/0cd373d282.wav|male|তখন তারা মেহেরাবকে
audio/0cd37d5473.wav|female|আদিবাসী বাঙালি বলে জানে
audio/0cd39b656d.wav|female|সন্তান ছিলেন
audio/0cd3e4592b.wav|female|যার মধ্যে
audio/0cd4622870.wav|female|আন্দোলনের কারণে
audio/0cd4c5c7a0.wav|male|একজন ডবলিউবিসিএস
audio/0cd51d48b4.wav|male|প্রদীপ দাশের বাড়িতে
audio/0cd59d2267.wav|male|আকবর আলী লালু
audio/0cd5aa52d4.wav|female|তথ্য প্রযুক্তির যুগে দিনদিন 1 ইন্টারনেটের ব্যবহার।
audio/0cd5d26534.wav|female|করতালি দিয়ে
audio/0cd5d7c5ae.wav|female|অভিনেতা তিনি একা নন
audio/0cd6184acb.wav|male|বেরিয়ে আসতে চাইছেন
audio/0cd61e40fa.wav|female|মহাপাতকে পড়িলেও
audio/0cd6372c7d.wav|male|অগ্নিকাণ্ডকে নাশকতা বলে
audio/0cd69ab866.wav|female|তিনি ভদ্রখালী গ্রামের
audio/0cd6db32ca.wav|male|এই মাসের মধ্যে
audio/0cd6ece859.wav|male|তাহলে খুব সুবিধা হত
audio/0cd75b39c3.wav|female|নাম প্রকাশে অনিচ্ছুক
audio/0cd7854a93.wav|male|একদিনও কাঁদিনি
audio/0cd7d7a377.wav|female|সতর্ক অবস্থায়
audio/0cd850192c.wav|male|ভবিষ্যতে মূল্যায়নের
audio/0cd8f73265.wav|female|হত্যা করার পর
audio/0cd9acb766.wav|male|ঢাকায় এসেছিলেন
audio/0cd9ecd631.wav|female|চাপানোর কোনও মানে হয়
audio/0cda62de5a.wav|female|দৈনিক বাংলা
audio/0cda6f299d.wav|female|একাদশী
audio/0cdb241dc5.wav|male|তালেবানি ফিৎনা ফ্যাসাদ থেকে
audio/0cdb8818d4.wav|female|শঙ্করের ছিল না
audio/0cdbc869a9.wav|male|জীবনে কখনো সে দেখেনি
audio/0cdbdd72d6.wav|male|নির্বাচিত চেয়ারম্যান ও ভাইস 1
audio/0cdc1220fd.wav|male|রাজধানীর রূপসী বাংলা হোটেলে
audio/0cdc3eed38.wav|female|বার্সেলোনা
audio/0cdc441195.wav|male|গভীর অরণ্যে
audio/0cdcd85295.wav|male|কারখানায় পরিদর্শনের কাজ
audio/0cdcf63632.wav|male|অদ্ভুত শব্দ
audio/0cde15002e.wav|male|ব্রিটিশ শাসনের যুগটাই
audio/0cde2ba424.wav|female|অধিকাংশই নামকরা লেখক
audio/0cdea138b0.wav|male|তবে এসব সহিংসতার ঘটনায়
audio/0cdebfdbf4.wav|female|মেরু রেখা
audio/0cdedb21dd.wav|female|কেঁদে ফেলেছিল
audio/0cdf8712af.wav|male|ঈদ উপলক্ষে থাকছে
audio/0ce0331614.wav|male|এ দক্ষ বিক্রেতাদের ভিড়ে
audio/0ce0c28559.wav|female|হবিগঞ্জের মাধবপুর উপজেলায়
audio/0ce0fa92d7.wav|female|বন্ধুর পারিবারিক অনুষ্ঠান
audio/0ce2687120.wav|male|এই ঋণগ্রহণ
audio/0ce2884894.wav|female|রাস এল-নাকুরা
audio/0ce360b1b8.wav|male|আবার সে বড়লোক হওয়ার 1
audio/0ce3b18c60.wav|male|বাংলাদেশে বিভিন্ন সময় মানবাধিকার 1 অনেক গুরুতর অভিযোগ শোনা যায়।
audio/0ce3d54221.wav|female|উপভোগ থেকে
audio/0ce3d70803.wav|male|যার সদস্যরা
audio/0ce4a0454b.wav|female|আল্লাহর কাছে ক্ষমা চান
audio/0ce4b266a9.wav|female|তার নয় বলে
audio/0ce4c02f72.wav|male|মাজার জিয়ারত
audio/0ce4e0f7df.wav|female|ওরাকল
audio/0ce4f005e4.wav|male|মার্কিন এই কৃষ্ণ সুন্দরী
audio/0ce5519460.wav|female|ধষর্ণ
audio/0ce5d28484.wav|male|এবং তাঁর ক্রিকেট জীবনের
audio/0ce5ec5a10.wav|female|মানুষ হত্যা করে
audio/0ce63abf1d.wav|male|দপ্তর অক্সফোর্ডশায়ারে অবস্থিত
audio/0ce79b462a.wav|male|পূর্বপাড়া গ্রামে এ ঘটনা 1
audio/0ce7b7ee89.wav|male|এই সরকার
audio/0ce7f6aa8b.wav|male|এতে বিপুল পরিমাণে
audio/0ce7fc761a.wav|male|র‌্যাম্প মডেলিং ছেড়ে
audio/0ce800cdc9.wav|female|শুক্রবার রাতে
audio/0ce85e5edd.wav|male|মেধাবী সেনা কর্মকর্তা নিহত 1
audio/0ce86120be.wav|male|তোর বুকের অগ্নি-সিন্ধু
audio/0ce8613402.wav|male|পেটেরে দায়ে
audio/0ce90ea8a0.wav|female|বাউল গীতি
audio/0ce975c1b9.wav|female|তবে তরুণদের ভাবনায়
audio/0ce9a0a52b.wav|female|শাহজাহান নিহত
audio/0ce9b1047b.wav|female|পল্লবীথানায় একটি জিডি করেন 1
audio/0ceabb54b7.wav|male|আমার জামিন হবে না
audio/0ceabf22be.wav|male|সংস্থাটির তত্ত্বাবধানে বিশ্বের প্রায় 1 শতাংশ রাসায়নিক অস্ত্রের মজুত ইতিমধ্যেই ধ্বংস করা হয়েছে।
audio/0ceaca6354.wav|male|আহা, তার মালা গাঁথা 1 না
audio/0ceb12ce1f.wav|male|1997 সালের ইউএন কনভেনশন 1
audio/0cec168537.wav|female|সুটকেসের গোপন কম্পার্টমেন্টে
audio/0ceca6c37a.wav|female|কন্যা রম্নমিকে বুদ্ধদেব বসুর
audio/0ced9b9299.wav|male|মুক্ত এলাকা দিবস
audio/0cee36faac.wav|female|নিজেদের অবস্থান
audio/0cef6107ce.wav|male|তিনি আদৌ এদের আত্মীয়
audio/0cf08d7961.wav|male|বড় সে নয়
audio/0cf09d129b.wav|male|ঘটাতে পেরেছে
audio/0cf0cb1d8f.wav|female|বোরখার মাথাটুকু
audio/0cf0cbef44.wav|male|ওই দিন রায় অপেক্ষমাণ 1
audio/0cf1c1abd9.wav|male|হেডমাস্টারকে একদম পরোয়া না 1
audio/0cf1e73ee8.wav|female|সরকারের উচ্চপর্যায়ের এই কমিটিতে
audio/0cf207edde.wav|male|রেডিওর সামনে মাইক্রোফোন ধরে
audio/0cf25b33de.wav|male|রুদ্র বলা হইয়াছে
audio/0cf25e9dbd.wav|female|প্রথম জাতীয় পুরষ্কার
audio/0cf2b07de8.wav|female|ধাবিত হচ্ছে
audio/0cf2b2dd34.wav|female|ফলে অনুবাদক হিসেবে
audio/0cf2dce85d.wav|female|খেলতে পারেনি ফরাসীরা
audio/0cf36d3fa7.wav|male|তসলিমা নাসরিনের বই
audio/0cf428895d.wav|male|সকল সুযোগ সুবিধা
audio/0cf4a06550.wav|male|যেহেতু বিদেশি সংস্কৃতির অংশ
audio/0cf50aea99.wav|female|নির্বাচন কমিশন নির্বাচনের তফসিল 1 করবেন।
audio/0cf5403571.wav|female|জীবন কামড়ে ধরে
audio/0cf559a2bd.wav|male|আন্তর্জাতিক ক্রিকেট কাউন্সিল কর্তৃপক্ষের 1
audio/0cf5c36998.wav|male|বিপরীতে কাজ করলাম
audio/0cf5c9d6d3.wav|female|সিএমএম আদালত
audio/0cf5d49c06.wav|male|ততোটা দক্ষ নয়
audio/0cf5d841e9.wav|male|তিনি জন্মেছেন ফুল থেকে
audio/0cf67a5c8f.wav|female|বাংলাদেশে 5 দশমিক 7 1
audio/0cf7283e9a.wav|female|অনেক দর্শনার্থীরা বিভিন্ন রাইডসে 1 লম্বা কিউতে দাঁড়িয়ে থেকে নির্ধারিত রাইডসে চড়তে সমর্থ হন।
audio/0cf78788ab.wav|male|এটা মনগড়া একটা রায়
audio/0cf80382f2.wav|female|এই রকম যে জাতির 1
audio/0cf827ac25.wav|male|এ তিন জনকে
audio/0cf82fe21f.wav|male|ওই ঘটনায় মোট
audio/0cf8e1797a.wav|female|মেয়ে খুব সাবধানে
audio/0cf93940a5.wav|male|দোষ ছিলো না
audio/0cf9ba9205.wav|female|উৎসাহ দেওয়ার জন্য
audio/0cfa44c363.wav|female|কেন তিনি আদালত এলাকায়
audio/0cfaa8153c.wav|female|বাক্য
audio/0cfaa8f203.wav|male|বিডিনিউজ টোয়েন্টিফোর ডটকমে
audio/0cfb34a646.wav|female|আশে পাশে কয়খানা
audio/0cfb3f1a44.wav|female|দশলাখের বেশি
audio/0cfb55d837.wav|female|সেসময় নারীরা
audio/0cfc55be4b.wav|female|জিজ্ঞাসাবাদ করা হয়
audio/0cfc7cb0d2.wav|female|মিছিল থেকে পুলিশকে লক্ষ্য 1
audio/0cfcace046.wav|female|সর্বত্র এখন গুম, খুন
audio/0cfd5dd593.wav|female|সত্যিই যদি ব্রাদারহুডের সেই 1 বাতিল হয়, পর্যবেক্ষকদের ধারনা আন্ডারগ্রাউন্ডে যাওয়া ছাড়া তাদের কোন উপায় থাকবে না।
audio/0cfdbb4e45.wav|female|কোন প্রকাশনা মারফত
audio/0cfdc9fb6d.wav|male|নানা প্রতিবেদন প্রকাশিত হয়েছে
audio/0cfee074be.wav|female|45 মিলিয়ন ঘনফুট
audio/0cff6a29fd.wav|female|একটি জাতিকে মননের দৃঢ়তা 1
audio/0cff950e22.wav|male|এদিকে আশারাম বাপুর ভক্তরা
audio/0cffea279e.wav|male|সেই কথা রাখা হয়নি
